StartDate,EndDate,Status,IPAddress,Progress,Duration (in seconds),Finished,RecordedDate,ResponseId,RecipientLastName,RecipientFirstName,RecipientEmail,ExternalReference,LocationLatitude,LocationLongitude,DistributionChannel,UserLanguage,1.1.,1.2.,1.3.,1.4.,1.4._5_TEXT,1.5.,1.6.,1.6._4_TEXT,1.7.,1.7._6_TEXT,1.8.,1.9.,1.9._14_TEXT,1.10.,1.11.,1.12.,1.13.,2.1.,2.2.,2.2._19_TEXT,2.3.,2.4.,2.5.,3.1._1,3.1._2,3.1._3,3.1._4,3.1._5,4.
Start Date,End Date,Response Type,IP Address,Progress,Duration (in seconds),Finished,Recorded Date,Response ID,Recipient Last Name,Recipient First Name,Recipient Email,External Data Reference,Location Latitude,Location Longitude,Distribution Channel,User Language,Jūsu dzimums:,Jūsu vecums:,Jūsu dzīvesvieta:,Kāds ir Jūsu augstākais iegūtais izglītības līmenis? - Selected Choice,Kāds ir Jūsu augstākais iegūtais izglītības līmenis? - Cits: - Text,Kādi ir Jūsu mēneša ienākumi uz vienu mājsaimniecības locekli (pēc nodokļu nomaksas)?,Vai Jūs regulāri piedalāties reliģiskās aktivitātēs vai pasākumos? - Selected Choice,Vai Jūs regulāri piedalāties reliģiskās aktivitātēs vai pasākumos? - Cits: - Text,"Kā Jūs raksturotu savu politisko nostāju sociālajos jautājumos (piemēram, attiecībā uz viendzimuma laulībām, minoritāšu tiesībām, imigrāciju)? - Selected Choice","Kā Jūs raksturotu savu politisko nostāju sociālajos jautājumos (piemēram, attiecībā uz viendzimuma laulībām, minoritāšu tiesībām, imigrāciju)? - Cits - Text",Vai Jūs piedalījāties 2022. gada Saeimas vēlēšanās?,Kura partija saņēma Jūsu atbalstu? - Selected Choice,Kura partija saņēma Jūsu atbalstu? - Cits: - Text,Aptuveni cik kandidātus no Jūsu atbalstītā saraksta Jūs atzīmējāt ar plusiņu?,Aptuveni cik kandidātus no Jūsu atbalstītā saraksta Jūs izsvītrojāt?,"Vai brīvajā laikā Jūs vairāk tiecaties izmēģināt ko jaunu (piemēram, apmeklēt jaunus restorānus, skatīties neredzētas filmas) vai dodat priekšroku ierastām un pazīstamām nodarbēm?",Cik svarīgi Jums ir sieviešu tiesību un ar feminismu saistīti jautājumi?,Kurā sektorā Jūs pašlaik strādājat?,Kāda ir Jūsu pamatdarba nozare? - Selected Choice,Kāda ir Jūsu pamatdarba nozare? - Cits: - Text,"Cik bieži Jums darbā jāveic komunikācija ar cilvēkiem ārpus savas organizācijas (klientiem, sadarbības partneriem)?","Cik bieži Jums ir jāveic komunikācija ar klientiem vai sadarbības partneriem, kas atrodas ārvalstīs?",Cik liela daļa no Jūsu priekšniekiem ir bijušas sievietes?,"Lūdzu, katram no zemāk minētajiem apgalvojumiem sniedziet atbildi 5 punktu skalā (1. Pilnīgi nepiekrītu; 2. Nepiekrītu; 3. Ne piekrītu, ne nepiekrītu; 4. Piekrītu; 5. Pilnīgi piekrītu) - Dzimumu līdztiesība Latvijas politikā ir sasniegta, jo augstos amatos jau ir bijušas sievietes – prezidente, premjerministres un Saeimas priekšsēdētājas.","Lūdzu, katram no zemāk minētajiem apgalvojumiem sniedziet atbildi 5 punktu skalā (1. Pilnīgi nepiekrītu; 2. Nepiekrītu; 3. Ne piekrītu, ne nepiekrītu; 4. Piekrītu; 5. Pilnīgi piekrītu) - Augsta līmeņa politiskie amati ir mazāk piemēroti sievietēm, jo viņām var būt nepieciešams vairāk laika veltīt ģimenei.","Lūdzu, katram no zemāk minētajiem apgalvojumiem sniedziet atbildi 5 punktu skalā (1. Pilnīgi nepiekrītu; 2. Nepiekrītu; 3. Ne piekrītu, ne nepiekrītu; 4. Piekrītu; 5. Pilnīgi piekrītu) - Veiksme politikā un valsts vadībā prasa spēku un spēju izturēt spiedienu; šīs īpašības ir dabiskākas vīriešiem.","Lūdzu, katram no zemāk minētajiem apgalvojumiem sniedziet atbildi 5 punktu skalā (1. Pilnīgi nepiekrītu; 2. Nepiekrītu; 3. Ne piekrītu, ne nepiekrītu; 4. Piekrītu; 5. Pilnīgi piekrītu) - Tā kā visiem ir vienādas karjeras iespējas, pasākumi, kas nodrošina sieviešu pārstāvniecību politikā, nav nepieciešami.","Lūdzu, katram no zemāk minētajiem apgalvojumiem sniedziet atbildi 5 punktu skalā (1. Pilnīgi nepiekrītu; 2. Nepiekrītu; 3. Ne piekrītu, ne nepiekrītu; 4. Piekrītu; 5. Pilnīgi piekrītu) - Sievietes parasti ir mazāk kompetentas nekā vīrieši augsta līmeņa politiskajos amatos.",Papildu komentāri:
"{""ImportId"":""startDate"",""timeZone"":""Europe/Athens""}","{""ImportId"":""endDate"",""timeZone"":""Europe/Athens""}","{""ImportId"":""status""}","{""ImportId"":""ipAddress""}","{""ImportId"":""progress""}","{""ImportId"":""duration""}","{""ImportId"":""finished""}","{""ImportId"":""recordedDate"",""timeZone"":""Europe/Athens""}","{""ImportId"":""_recordId""}","{""ImportId"":""recipientLastName""}","{""ImportId"":""recipientFirstName""}","{""ImportId"":""recipientEmail""}","{""ImportId"":""externalDataReference""}","{""ImportId"":""locationLatitude""}","{""ImportId"":""locationLongitude""}","{""ImportId"":""distributionChannel""}","{""ImportId"":""userLanguage""}","{""ImportId"":""QID1""}","{""ImportId"":""QID2""}","{""ImportId"":""QID3""}","{""ImportId"":""QID4""}","{""ImportId"":""QID4_5_TEXT""}","{""ImportId"":""QID5""}","{""ImportId"":""QID6""}","{""ImportId"":""QID6_4_TEXT""}","{""ImportId"":""QID7""}","{""ImportId"":""QID7_6_TEXT""}","{""ImportId"":""QID8""}","{""ImportId"":""QID9""}","{""ImportId"":""QID9_14_TEXT""}","{""ImportId"":""QID20""}","{""ImportId"":""QID21""}","{""ImportId"":""QID22""}","{""ImportId"":""QID10""}","{""ImportId"":""QID11""}","{""ImportId"":""QID12""}","{""ImportId"":""QID12_19_TEXT""}","{""ImportId"":""QID14""}","{""ImportId"":""QID23""}","{""ImportId"":""QID24""}","{""ImportId"":""QID17_1""}","{""ImportId"":""QID17_2""}","{""ImportId"":""QID17_3""}","{""ImportId"":""QID17_4""}","{""ImportId"":""QID17_5""}","{""ImportId"":""QID19_TEXT""}"
2024-11-13 17:31:11,2024-11-13 17:35:31,0,84.15.223.176,100,259,1,2024-11-13 17:35:32,R_2Fnd7jSlt1uCY7c,,,,,56.9496,24.0978,anonymous,EN,1,2,3,1,,5,3,,3,,1,11,,2,4,4,5,2,3,,1,1,1,3,1,1,3,1,
2024-11-13 17:34:51,2024-11-13 17:41:16,0,172.225.71.152,100,385,1,2024-11-13 17:41:17,R_8DpBuovqIXYHBA5,,,,,56.9496,24.0978,anonymous,EN,3,2,2,1,,5,3,,1,,1,14,neatceros,1,1,1,1,2,19,muslims,5,4,1,4,1,3,5,5,
2024-11-13 17:39:20,2024-11-13 17:42:13,0,85.254.74.253,100,172,1,2024-11-13 17:42:13,R_2mKctwXou37Asnv,,,,,56.9496,24.0978,anonymous,EN,2,2,3,2,,4,3,,2,,1,7,,2,3,3,2,3,18,,4,1,2,4,3,4,3,2,
2024-11-13 18:43:54,2024-11-13 19:01:29,0,212.3.198.252,100,1055,1,2024-11-13 19:01:30,R_8zIaHecX2QS3SQV,,,,,56.9496,24.0978,anonymous,EN,1,4,3,1,,5,3,,3,,1,11,,2,2,4,4,2,3,,1,1,3,2,1,1,2,1,
2024-11-13 19:22:15,2024-11-13 19:31:51,0,212.3.196.189,100,575,1,2024-11-13 19:31:51,R_81jw6vvNo5kFvSF,,,,,56.9496,24.0978,anonymous,EN,1,1,3,1,,4,3,,4,,1,11,,1,1,4,4,2,3,,1,1,1,2,1,1,3,1,
2024-11-13 19:40:56,2024-11-13 19:45:54,0,62.85.89.69,100,297,1,2024-11-13 19:45:54,R_2tViwyOx8kCFOMh,,,,,56.8128,24.5937,anonymous,EN,1,1,3,6,,3,1,,2,,1,1,,1,1,3,2,1,18,,2,1,5,3,2,1,3,1,
2024-11-13 19:42:05,2024-11-13 19:46:15,0,80.89.76.124,100,249,1,2024-11-13 19:46:15,R_2tzIFtF2vDYcB5K,,,,,56.9496,24.0978,anonymous,EN,1,1,1,1,,2,3,,4,,1,12,,1,1,4,3,1,17,,4,1,5,3,2,2,2,2,
2024-11-13 19:42:54,2024-11-13 19:47:37,0,84.15.223.109,100,283,1,2024-11-13 19:47:38,R_2yqMAS8BrwbjLZA,,,,,56.9496,24.0978,anonymous,EN,2,1,3,6,,4,3,,4,,1,1,,2,1,3,3,3,13,,3,2,2,2,1,1,2,1,
2024-11-13 19:45:56,2024-11-13 19:49:43,0,84.15.223.59,100,227,1,2024-11-13 19:49:43,R_2rFqfTSkygslIWZ,,,,,56.9496,24.0978,anonymous,EN,1,1,3,6,,3,3,,3,,1,1,,3,3,2,2,3,1,,2,1,1,4,2,2,2,3,
2024-11-13 19:45:34,2024-11-13 19:50:30,0,77.219.5.38,100,296,1,2024-11-13 19:50:30,R_8K1JczGH6R9zB8R,,,,,56.9496,24.0978,anonymous,EN,1,1,1,1,,4,3,,4,,2,,,,,3,3,1,9,,5,4,4,4,1,1,3,1,
2024-11-13 19:41:04,2024-11-13 19:51:47,0,172.225.210.114,100,642,1,2024-11-13 19:51:47,R_8dIbBrbebNvH7pL,,,,,56.9496,24.0978,anonymous,EN,1,1,1,2,,5,3,,4,,1,11,,2,1,2,4,2,10,,5,3,5,1,2,3,2,2,
2024-11-13 19:50:50,2024-11-13 19:57:39,0,77.219.5.38,100,408,1,2024-11-13 19:57:39,R_8e43ibglQAwxSR5,,,,,56.9496,24.0978,anonymous,EN,2,1,1,1,,6,3,,4,,2,,,,,5,3,2,6,,4,1,1,4,2,3,2,1,
2024-11-13 19:56:14,2024-11-13 19:59:35,0,90.139.232.75,100,201,1,2024-11-13 19:59:35,R_21kfspBcu46a85H,,,,,56.9496,24.0978,anonymous,EN,1,1,3,1,,4,3,,4,,1,11,,2,1,4,3,1,3,,4,4,1,2,2,3,3,3,
2024-11-13 20:03:33,2024-11-13 20:12:40,0,84.237.179.32,100,546,1,2024-11-13 20:12:40,R_8fwX9VVCpct3RzD,,,,,56.9496,24.0978,anonymous,EN,1,5,3,3,,3,2,,3,,1,3,,1,2,5,4,3,19,Vieglā rūpniecība,3,1,4,4,4,3,3,2,
2024-11-13 20:10:56,2024-11-13 20:13:23,0,172.225.71.157,100,146,1,2024-11-13 20:13:24,R_8JeHuGhJp5a5sYj,,,,,56.9496,24.0978,anonymous,EN,1,3,1,3,,4,3,,4,,1,1,,2,2,3,2,1,15,,5,1,2,2,1,1,1,1,
2024-11-13 20:19:54,2024-11-13 20:25:13,0,80.89.73.168,100,318,1,2024-11-13 20:25:13,R_2EhtpbTSgKEoVP2,,,,,56.9496,24.0978,anonymous,EN,2,1,3,6,,2,3,,1,,1,8,,3,1,2,3,2,14,,3,3,3,3,3,4,3,2,
2024-11-13 20:31:45,2024-11-13 20:34:33,0,85.15.214.111,100,167,1,2024-11-13 20:34:33,R_2x64a4g2ELTTFW9,,,,,56.8442,26.2112,anonymous,EN,1,5,3,6,,4,3,,4,,1,3,,2,2,1,1,1,10,,2,1,3,5,2,2,3,2,
2024-11-13 21:11:47,2024-11-13 21:14:27,0,77.219.8.157,100,160,1,2024-11-13 21:14:28,R_2QW0z8OelwroZvd,,,,,56.9496,24.0978,anonymous,EN,1,1,1,2,,4,3,,2,,2,,,,,1,4,2,19,IT,4,4,1,3,2,3,2,2,
2024-11-13 21:18:35,2024-11-13 21:21:24,0,212.3.196.2,100,169,1,2024-11-13 21:21:25,R_2P0mtaLwdta2o8h,,,,,56.9496,24.0978,anonymous,EN,1,1,3,6,,2,2,,4,,1,11,,1,2,2,4,1,17,,5,1,3,3,1,2,2,1,
2024-11-13 21:38:01,2024-11-13 21:43:14,0,84.15.223.169,100,312,1,2024-11-13 21:43:15,R_8qVtPuC1bdmXPjK,,,,,56.9496,24.0978,anonymous,EN,1,1,1,2,,5,3,,4,,1,11,,1,1,3,4,1,8,,5,5,3,3,1,2,2,1,
2024-11-13 21:36:55,2024-11-13 21:47:11,0,80.89.76.128,100,616,1,2024-11-13 21:47:12,R_86kz8iNgQZ2TrZ4,,,,,56.9496,24.0978,anonymous,EN,1,1,5,6,,4,3,,5,,1,12,,2,1,3,5,3,17,,4,1,3,4,1,1,3,1,
2024-11-13 21:46:19,2024-11-13 21:48:53,0,81.198.2.178,100,153,1,2024-11-13 21:48:53,R_8dXenv8Aadhnqxl,,,,,56.9496,24.0978,anonymous,EN,2,1,1,6,,4,3,,4,,1,1,,2,1,3,4,2,10,,1,1,1,2,1,2,2,1,
2024-11-13 21:47:27,2024-11-13 21:49:30,0,77.219.14.164,100,122,1,2024-11-13 21:49:31,R_2X6TyjiF7pKnRoX,,,,,56.9496,24.0978,anonymous,EN,2,1,1,1,,4,3,,4,,1,11,,2,1,2,4,1,14,,5,5,4,3,1,1,2,1,
2024-11-13 21:47:31,2024-11-13 21:49:39,0,80.89.77.85,100,128,1,2024-11-13 21:49:40,R_8h9eMflD54WneyE,,,,,56.9496,24.0978,anonymous,EN,1,1,5,6,,5,3,,5,,1,11,,2,1,3,5,2,10,,3,1,1,4,1,1,2,1,
2024-11-13 21:43:49,2024-11-13 21:50:21,0,212.3.199.85,100,392,1,2024-11-13 21:50:22,R_8G0wjfStTIh2gR7,,,,,56.9496,24.0978,anonymous,EN,2,1,1,2,,5,3,,4,,1,14,jaunā konservatīvā partija,1,1,3,5,2,10,,1,5,1,1,1,1,2,1,
2024-11-13 21:47:26,2024-11-13 21:50:39,0,85.74.243.84,100,193,1,2024-11-13 21:50:40,R_88SWhxj1c1oSgCw,,,,,37.9842,23.7353,anonymous,EN,2,1,3,6,,5,3,,4,,1,12,,3,2,2,4,2,10,,3,2,3,4,1,1,3,1,
2024-11-13 21:50:00,2024-11-13 21:56:30,0,78.84.145.24,100,389,1,2024-11-13 21:56:30,R_8q2z94GjluQSRys,,,,,56.9496,24.0978,anonymous,EN,1,1,1,2,,6,3,,4,,1,11,,2,2,3,5,2,10,,2,1,5,3,1,1,3,1,
2024-11-13 21:51:40,2024-11-13 21:59:13,0,85.254.73.62,100,453,1,2024-11-13 21:59:13,R_2lsYXntUd3akfqP,,,,,56.9496,24.0978,anonymous,EN,2,1,6,6,,3,3,,5,,1,12,,2,2,3,4,2,10,,1,1,1,3,1,1,3,1,
2024-11-13 21:56:13,2024-11-13 21:59:33,0,136.169.77.72,100,199,1,2024-11-13 21:59:33,R_2JOOqJNPV1Rk6Zq,,,,,56.9496,24.0978,anonymous,EN,2,3,1,6,,6,3,,1,,1,9,,2,2,5,1,2,6,,1,4,1,5,5,5,5,5,
2024-11-13 22:01:47,2024-11-13 22:13:07,0,91.105.17.72,100,679,1,2024-11-13 22:13:08,R_8QXiMOtkYb4gTIh,,,,,56.9496,24.0978,anonymous,EN,1,1,1,6,,4,3,,5,,1,11,,2,2,3,5,2,10,,1,1,1,3,1,2,2,1,
2024-11-13 22:10:32,2024-11-13 22:13:43,0,87.226.117.66,100,190,1,2024-11-13 22:13:43,R_81DmwkWGzwJbmNz,,,,,56.9496,24.0978,anonymous,EN,1,1,1,6,,3,3,,4,,1,11,,2,2,1,5,1,17,,1,1,5,4,1,1,3,1,
2024-11-13 22:11:55,2024-11-13 22:14:18,0,91.105.126.218,100,143,1,2024-11-13 22:14:19,R_8Pv3CdVZr1G6qM3,,,,,56.9496,24.0978,anonymous,EN,1,1,1,2,,1,2,,3,,1,13,,1,1,3,3,1,10,,2,2,3,4,1,1,3,1,
2024-11-13 22:00:22,2024-11-13 22:15:57,0,212.3.196.126,100,935,1,2024-11-13 22:15:58,R_82yuhKFwgNC7Ji7,,,,,56.9496,24.0978,anonymous,EN,1,1,6,6,,2,2,,3,,1,1,,2,2,3,4,1,16,,2,1,3,3,1,2,2,2,
2024-11-13 22:14:18,2024-11-13 22:18:43,0,80.89.73.214,100,265,1,2024-11-13 22:18:44,R_2t2oJfsT3pM5bih,,,,,56.9496,24.0978,anonymous,EN,2,1,2,1,,5,3,,4,,1,11,,1,1,4,3,2,10,,1,1,5,3,1,1,1,1,
2024-11-13 22:13:02,2024-11-13 22:19:20,0,80.89.79.75,100,377,1,2024-11-13 22:19:20,R_8EyR5yDcxjXTPhH,,,,,56.9496,24.0978,anonymous,EN,1,3,1,2,,5,2,,3,,2,,,,,2,3,2,1,,2,2,3,3,2,2,3,2,
2024-11-13 22:15:13,2024-11-13 22:19:22,0,172.225.71.149,100,248,1,2024-11-13 22:19:22,R_2rUa2UBPQr0Ehre,,,,,56.9496,24.0978,anonymous,EN,1,1,1,6,,3,3,,4,,1,11,,1,1,2,5,1,10,,1,1,3,2,1,1,1,1,
2024-11-13 22:23:04,2024-11-13 22:31:08,0,77.219.6.4,100,483,1,2024-11-13 22:31:08,R_8lgZoRd964EslMr,,,,,56.9496,24.0978,anonymous,EN,1,1,1,1,,2,3,,5,,1,11,,2,1,1,4,2,19,Pētniecība,4,1,5,2,1,2,1,1,
2024-11-13 22:31:49,2024-11-13 22:34:46,0,77.219.5.154,100,177,1,2024-11-13 22:34:47,R_2NE5lgP85fFaWfL,,,,,56.9496,24.0978,anonymous,EN,1,2,1,3,,5,3,,4,,1,11,,2,1,2,4,2,13,,5,5,3,3,2,2,3,1,
2024-11-13 22:39:42,2024-11-13 22:42:24,0,87.110.115.41,100,161,1,2024-11-13 22:42:24,R_8yfv2Fzq649tUrl,,,,,56.9496,24.0978,anonymous,EN,1,2,1,3,,5,3,,4,,1,11,,2,2,3,5,2,10,,5,5,4,1,1,1,2,1,
2024-11-13 23:08:31,2024-11-13 23:13:28,0,77.219.0.213,100,296,1,2024-11-13 23:13:28,R_8FR3mT5DOksrCSQ,,,,,56.9496,24.0978,anonymous,EN,1,2,1,3,,5,3,,4,,1,11,,3,2,3,5,1,18,,3,4,1,1,1,1,1,1,
2024-11-13 23:24:26,2024-11-13 23:29:24,0,83.177.156.52,100,297,1,2024-11-13 23:29:24,R_23lssT69BZO6shC,,,,,56.9496,24.0978,anonymous,EN,1,2,1,6,,6,3,,3,,1,3,,1,2,3,3,2,19,Reklāmas ražošana,5,5,4,2,1,2,2,2,
2024-11-13 23:36:01,2024-11-13 23:38:22,0,77.219.2.147,100,141,1,2024-11-13 23:38:22,R_2WypR1HgfTnb1iV,,,,,56.9496,24.0978,anonymous,EN,1,2,1,2,,3,3,,4,,1,1,,2,1,4,5,2,10,,1,1,1,3,1,1,2,1,
2024-11-13 23:38:44,2024-11-13 23:43:35,0,91.105.45.98,100,290,1,2024-11-13 23:43:36,R_22LoTT4tRG7Ub3W,,,,,56.6477,23.723,anonymous,EN,1,3,5,2,,3,3,,4,,1,1,,2,2,3,4,1,8,,5,5,3,3,1,2,2,1,
2024-11-14 00:04:07,2024-11-14 00:07:40,0,213.226.141.153,100,212,1,2024-11-14 00:07:40,R_2rOq1cHuYXVOhh4,,,,,56.9496,24.0978,anonymous,EN,1,1,5,1,,4,3,,5,,1,11,,3,2,2,4,2,10,,1,1,3,4,2,1,3,1,
2024-11-14 00:35:27,2024-11-14 00:38:22,0,95.68.121.159,100,175,1,2024-11-14 00:38:23,R_8EzMmhAePWCICpq,,,,,57.3173,25.2666,anonymous,EN,1,1,3,2,,4,2,,5,,1,11,,2,1,2,5,1,11,,5,5,2,2,1,1,1,1,
2024-11-14 00:28:03,2024-11-14 00:42:09,0,83.185.36.155,100,845,1,2024-11-14 00:42:09,R_8GlEpJfjX6IYSjb,,,,,59.384,17.8355,anonymous,EN,2,1,1,2,,5,3,,3,,1,1,,2,3,3,2,2,6,,5,5,2,3,2,3,4,2,"Manuprāt, ir diez gan nepareizi, ka dzimumam ir kaut kāda ietekme uz karjeru. Jā, ir lietas ko sievietes prot labāk un ko vīrieši prot labāk. Bet galvenais jau ir tas, ka cilvēkam ir attiecīgās spējas un zināšanas, lai darītu savu darbu. Ja es eju pie ārsta tad es gribētu iet pie speciālista savā jomā, neskatoties uz to vai šis cilvēks ir sieviete vai vīrietis. Visa šī tēma veido papildus šķēlumu sabiedrībā, kas ir pilnīgi nevajadzīgs."
2024-11-14 07:00:44,2024-11-14 07:05:28,0,85.254.74.55,100,284,1,2024-11-14 07:05:28,R_8aLj9x6nInqi2x6,,,,,56.9496,24.0978,anonymous,EN,1,1,1,6,,3,3,,3,,1,12,,2,1,2,4,1,15,,5,1,1,3,1,1,2,2,
2024-11-14 07:22:35,2024-11-14 07:26:03,0,77.219.15.211,100,207,1,2024-11-14 07:26:03,R_8OrBvuNeAxGuLPd,,,,,56.9496,24.0978,anonymous,EN,1,1,1,2,,4,3,,4,,1,1,,3,2,3,4,1,8,,5,5,4,2,1,1,2,1,
2024-11-14 08:05:18,2024-11-14 08:09:11,0,81.198.11.18,100,233,1,2024-11-14 08:09:12,R_8QSByxNh0m0w8Bn,,,,,56.9496,24.0978,anonymous,EN,1,2,1,6,,5,3,,5,,1,11,,1,1,3,5,2,7,,2,3,2,3,1,1,1,1,
2024-11-14 08:38:24,2024-11-14 08:41:09,0,77.219.8.89,100,164,1,2024-11-14 08:41:09,R_8m6by7kQHK58WeR,,,,,56.9496,24.0978,anonymous,EN,1,2,1,3,,5,3,,2,,1,1,,2,2,2,4,2,19,Kosmētikas ražošana,4,4,5,2,1,4,1,1,
2024-11-14 09:55:23,2024-11-14 10:00:02,0,80.89.76.57,100,278,1,2024-11-14 10:00:02,R_2sZ5CsOyXvu92SU,,,,,56.9496,24.0978,anonymous,EN,1,2,1,2,,4,3,,4,,2,,,,,4,5,2,13,,5,5,4,3,1,1,4,1,
2024-11-14 09:10:34,2024-11-14 10:06:35,0,212.3.196.202,100,3361,1,2024-11-14 10:06:36,R_2rkXa9TLkSLo8T7,,,,,56.9496,24.0978,anonymous,EN,1,1,1,1,,4,3,,3,,1,3,,2,1,1,2,1,13,,4,2,3,5,2,4,3,2,
2024-11-14 11:29:18,2024-11-14 11:34:07,0,81.198.192.202,100,288,1,2024-11-14 11:34:07,R_2eLdh7Rodl96KRK,,,,,56.9496,24.0978,anonymous,EN,1,1,1,1,,4,1,,3,,2,,,,,3,2,1,9,,1,1,4,3,3,4,2,1,
2024-11-14 12:11:36,2024-11-14 12:15:21,0,46.109.55.196,100,225,1,2024-11-14 12:15:22,R_2Eacl9yv6wtnyXb,,,,,56.9496,24.0978,anonymous,EN,2,2,3,3,,5,2,,3,,1,1,,3,2,1,3,2,19,Ražošana,4,4,2,2,1,1,2,2,
2024-11-14 12:13:22,2024-11-14 12:18:49,0,213.226.141.184,100,327,1,2024-11-14 12:18:50,R_2eUVULd7juTxoc8,,,,,56.9496,24.0978,anonymous,EN,2,3,3,1,,7,3,,1,,2,,,,,3,1,2,6,,3,2,1,2,4,3,4,2,
2024-11-14 12:15:28,2024-11-14 12:25:29,0,213.226.141.150,100,601,1,2024-11-14 12:25:30,R_2lfziQiLYBnHZTH,,,,,56.9496,24.0978,anonymous,EN,2,5,3,1,,5,2,,3,,1,12,,1,1,3,3,2,6,,5,1,2,3,3,3,3,2,
2024-11-14 13:19:27,2024-11-14 13:24:33,0,80.89.76.158,100,305,1,2024-11-14 13:24:34,R_8kN8LjLziKdE14h,,,,,56.9496,24.0978,anonymous,EN,1,3,3,1,,5,3,,5,,1,1,,2,1,1,4,2,6,,4,5,2,4,2,1,2,1,
2024-11-14 12:31:54,2024-11-14 14:24:18,0,5.179.20.210,100,6744,1,2024-11-14 14:24:19,R_8QAlXR0cUuKUi3w,,,,,56.9496,24.0978,anonymous,EN,1,4,1,4,,5,2,,3,,1,7,,1,1,3,3,1,10,,5,4,3,4,2,2,2,2,
2024-11-14 16:00:45,2024-11-14 16:06:04,0,77.219.0.214,100,319,1,2024-11-14 16:06:05,R_8ijTRmqBCvMqYi7,,,,,56.9496,24.0978,anonymous,EN,1,2,1,2,,5,3,,3,,1,1,,2,2,3,4,2,19,Loģistika,5,2,1,3,2,2,4,2,
2024-11-14 17:32:31,2024-11-14 17:36:50,0,46.109.112.133,100,259,1,2024-11-14 17:36:50,R_8mWUFJGF3GnoOux,,,,,56.9496,24.0978,anonymous,EN,2,4,1,6,,5,2,,3,,1,14,Neteikšu,2,2,4,1,2,3,,1,1,1,4,3,4,3,2,
2024-11-14 17:30:32,2024-11-14 17:37:57,0,87.110.24.199,100,444,1,2024-11-14 17:37:58,R_2efjmUgZomZINzz,,,,,56.9496,24.0978,anonymous,EN,1,6,1,3,,4,3,,2,,1,7,,2,1,5,1,2,19,Medicīna,1,1,2,4,5,3,4,2,
2024-11-14 17:44:49,2024-11-14 17:48:31,0,80.232.255.149,100,222,1,2024-11-14 17:48:32,R_22a1CzITdwOw245,,,,,56.9496,24.0978,anonymous,EN,2,4,1,3,,7,3,,5,,1,11,,3,3,4,1,2,6,,5,3,3,4,1,1,4,1,
2024-11-14 17:48:30,2024-11-14 17:56:14,0,212.3.199.232,100,463,1,2024-11-14 17:56:14,R_2fy3oTv6bjj4hwe,,,,,56.9496,24.0978,anonymous,EN,2,4,1,1,,2,3,,2,,1,7,,3,4,3,4,2,6,,4,3,3,4,3,2,3,2,
2024-11-14 17:56:35,2024-11-14 18:01:05,0,85.254.74.23,100,269,1,2024-11-14 18:01:05,R_8dBRBCWbSPchSVj,,,,,56.9496,24.0978,anonymous,EN,1,2,1,3,,4,3,,4,,1,1,,1,2,2,4,2,10,,5,5,5,4,1,2,2,1,
2024-11-14 18:07:55,2024-11-14 18:12:57,0,78.84.97.88,100,302,1,2024-11-14 18:12:58,R_8ijSWkuPzRZSUiP,,,,,56.9496,24.0978,anonymous,EN,2,4,1,3,,6,3,,4,,1,14,Nevēlos atbildēt,3,3,3,3,1,15,,3,1,2,5,1,2,5,1,
2024-11-14 18:19:56,2024-11-14 18:24:20,0,77.219.10.21,100,264,1,2024-11-14 18:24:21,R_2UvlOMBl8bhdYwp,,,,,56.9496,24.0978,anonymous,EN,2,4,3,6,,5,3,,2,,1,7,,2,2,3,2,2,6,,4,1,2,5,5,4,5,3,
2024-11-14 18:11:34,2024-11-14 18:24:31,0,80.89.77.195,100,776,1,2024-11-14 18:24:32,R_2PcamdbnLFp3wOk,,,,,56.9496,24.0978,anonymous,EN,1,2,2,3,,7,3,,5,,1,11,,1,1,3,4,2,11,,1,1,3,3,1,2,3,1,
2024-11-14 18:36:41,2024-11-14 18:39:28,0,212.3.198.249,100,166,1,2024-11-14 18:39:28,R_7ewtELVRCgUjdtu,,,,,56.9496,24.0978,anonymous,EN,2,2,2,3,,6,3,,5,,1,11,,2,1,3,5,2,10,,3,3,2,2,1,1,3,1,
2024-11-14 18:41:28,2024-11-14 18:45:39,0,37.74.131.99,100,250,1,2024-11-14 18:45:39,R_8B2Uc0nDioPUfAK,,,,,51.5883,4.8042,anonymous,EN,2,5,,2,,7,3,,4,,2,,,,,4,1,1,4,,1,1,1,1,1,1,2,1,
2024-11-14 18:43:57,2024-11-14 18:47:42,0,46.109.8.83,100,224,1,2024-11-14 18:47:43,R_2JxDfbev6ibaQxo,,,,,56.9496,24.0978,anonymous,EN,2,2,2,6,,7,3,,3,,1,11,,1,3,4,4,2,11,,1,1,3,3,3,3,3,3,
2024-11-14 18:43:44,2024-11-14 18:50:21,0,188.112.172.39,100,397,1,2024-11-14 18:50:22,R_8HcwJuXrSMHkEka,,,,,56.9496,24.0978,anonymous,EN,1,3,1,2,,5,3,,4,,1,14,,,,4,3,2,7,,5,1,3,3,2,3,3,3,
2024-11-14 18:31:51,2024-11-14 18:50:41,0,90.133.78.20,100,1129,1,2024-11-14 18:50:41,R_2LcC3eMM8L5VhWe,,,,,56.9496,24.0978,anonymous,EN,1,3,2,2,,7,3,,5,,1,1,,2,1,3,4,2,13,,2,5,3,2,1,1,2,2,
2024-11-14 19:16:57,2024-11-14 19:19:52,0,78.84.198.52,100,175,1,2024-11-14 19:19:52,R_21ECXdVEFOEnjsy,,,,,56.6477,23.723,anonymous,EN,2,3,5,1,,6,3,,2,,1,14,neatceros,1,1,3,1,2,11,,1,5,3,4,2,2,5,1,
2024-11-14 20:00:17,2024-11-14 20:14:44,0,77.219.0.132,100,866,1,2024-11-14 20:14:44,R_8IK1LpcOt3mQDmj,,,,,56.9496,24.0978,anonymous,EN,1,2,1,3,,5,2,,5,,1,11,,2,2,2,2,1,17,,3,3,4,3,1,1,3,1,
2024-11-14 20:14:22,2024-11-14 20:19:06,0,81.198.44.212,100,283,1,2024-11-14 20:19:07,R_2cc5FpqV7PHnCMv,,,,,56.8128,24.5937,anonymous,EN,2,1,2,6,,1,3,,5,,1,11,,3,2,4,4,1,10,,1,1,5,2,1,2,3,1,
2024-11-14 20:17:51,2024-11-14 20:20:13,0,212.3.198.13,100,141,1,2024-11-14 20:20:13,R_2RdMTZsOQLlHNfR,,,,,56.9496,24.0978,anonymous,EN,1,3,1,3,,4,3,,3,,1,1,,2,3,3,4,1,16,,4,1,4,2,1,1,3,1,
2024-11-14 20:27:34,2024-11-14 20:29:35,0,85.254.73.23,100,121,1,2024-11-14 20:29:36,R_85ZiV9mBdpjup1f,,,,,56.9496,24.0978,anonymous,EN,1,1,3,6,,2,3,,3,,1,1,,2,2,4,2,1,3,,3,4,3,3,2,2,4,2,
2024-11-14 20:54:45,2024-11-14 20:59:08,0,213.226.141.140,100,263,1,2024-11-14 20:59:09,R_2QOXX7unEoEain7,,,,,56.9496,24.0978,anonymous,EN,2,4,1,3,,5,2,,4,,1,11,,3,4,2,1,2,8,,2,1,4,4,2,3,4,2,
2024-11-14 20:55:07,2024-11-14 21:02:12,0,213.226.141.140,100,424,1,2024-11-14 21:02:12,R_2DcnCKhNNJwKDlM,,,,,56.9496,24.0978,anonymous,EN,1,4,1,2,,5,3,,3,,1,1,,2,2,3,4,2,7,,5,5,1,3,2,2,2,1,
2024-11-14 21:01:46,2024-11-14 21:09:58,0,85.254.73.5,100,492,1,2024-11-14 21:09:59,R_293OQemx0nLrzLu,,,,,56.9496,24.0978,anonymous,EN,1,1,5,6,,6,3,,2,,1,7,,2,1,1,5,2,10,,2,2,2,3,2,2,4,2,
2024-11-14 21:45:36,2024-11-14 21:54:30,0,77.219.1.116,100,534,1,2024-11-14 21:54:31,R_2ttWf6zr8x0RYUg,,,,,56.9496,24.0978,anonymous,EN,2,4,1,2,,5,4,Pēdējā laikā ļoti reti,3,,1,12,,2,1,3,3,1,4,,3,2,4,3,2,2,4,2,
2024-11-14 22:35:59,2024-11-14 22:42:59,0,62.85.108.156,100,420,1,2024-11-14 22:43:00,R_2opAz6YemL64g9Y,,,,,56.9496,24.0978,anonymous,EN,2,4,1,2,,5,2,,4,,1,13,,1,1,3,4,2,5,,1,1,1,4,3,3,4,3,
2024-11-14 22:43:52,2024-11-14 22:46:26,0,78.84.177.218,100,154,1,2024-11-14 22:46:27,R_8kjMfFhVYVRjmgx,,,,,56.9496,24.0978,anonymous,EN,1,1,1,3,,6,3,,3,,1,1,,1,2,3,5,2,10,,1,1,5,3,1,1,2,1,
2024-11-14 22:45:57,2024-11-14 22:46:56,0,80.89.78.85,100,59,1,2024-11-14 22:46:57,R_8rXQWhXA8qkUKeR,,,,,56.9496,24.0978,anonymous,EN,1,5,5,3,,3,2,,3,,2,,,,,4,2,3,3,,2,4,2,4,3,3,3,2,
2024-11-15 05:50:44,2024-11-15 05:55:27,0,104.28.31.30,100,282,1,2024-11-15 05:55:28,R_2mCa3yV8nCEaWmT,,,,,56.9496,24.0978,anonymous,EN,1,2,1,3,,5,3,,4,,1,11,,1,1,2,4,2,18,,1,3,2,3,2,2,3,2,
2024-11-15 07:44:50,2024-11-15 07:48:06,0,212.3.197.195,100,196,1,2024-11-15 07:48:07,R_2eqKPSymccSwSVb,,,,,56.9496,24.0978,anonymous,EN,1,1,1,6,,4,1,,3,,1,1,,2,1,3,3,2,10,,1,1,5,2,1,1,2,1,
2024-11-15 11:58:41,2024-11-15 12:03:00,0,77.219.11.140,100,259,1,2024-11-15 12:03:02,R_2LAVCVddJA8Hxlc,,,,,56.9496,24.0978,anonymous,EN,1,4,1,1,,5,2,,6,Vados pēc veselā saprāta,2,,,,,3,3,3,16,,2,1,5,3,3,3,3,3,
2024-11-15 12:39:10,2024-11-15 13:09:46,0,85.254.75.119,100,1835,1,2024-11-15 13:09:46,R_2l7nAugCHSnOzcZ,,,,,56.9496,24.0978,anonymous,EN,2,2,3,6,,3,3,,2,,1,7,,1,1,1,1,2,3,,1,1,2,1,1,2,4,2,
2024-11-15 14:52:02,2024-11-15 14:58:45,0,84.15.223.215,100,402,1,2024-11-15 14:58:45,R_2erjvd8nG8BfOH4,,,,,56.9496,24.0978,anonymous,EN,1,4,3,1,,5,3,,6,Neitrala,1,14,Neatceros,1,2,4,3,2,3,,1,1,1,2,2,1,3,1,
2024-11-15 18:39:37,2024-11-15 18:41:45,0,77.219.10.144,100,127,1,2024-11-15 18:41:45,R_8zCTQVPWW58kU3T,,,,,56.9496,24.0978,anonymous,EN,2,1,3,6,,4,3,,5,,1,12,,2,1,2,4,2,8,,5,5,5,2,1,1,2,1,
2024-11-15 19:18:09,2024-11-15 19:22:38,0,77.219.3.237,100,269,1,2024-11-15 19:22:39,R_8V45fWhPTSP7W5K,,,,,56.9496,24.0978,anonymous,EN,1,1,1,1,,3,3,,4,,1,11,,1,1,1,4,1,7,,4,1,3,2,1,1,2,1,
2024-11-15 19:24:11,2024-11-15 19:27:32,0,212.3.193.97,100,200,1,2024-11-15 19:27:32,R_83qcLYQ22xabCqf,,,,,56.9496,24.0978,anonymous,EN,1,1,1,6,,3,3,,3,,1,11,,1,1,2,5,2,11,,2,1,4,1,1,1,1,1,
2024-11-15 19:43:33,2024-11-15 19:50:43,0,77.219.4.189,100,429,1,2024-11-15 19:50:43,R_2U6eIZ5m28iAEzp,,,,,56.9496,24.0978,anonymous,EN,1,1,2,1,,5,2,,3,,1,14,Neatceros,2,2,1,4,1,19,Grāmatvedîba,4,1,5,4,2,2,2,2,
2024-11-15 19:43:31,2024-11-15 19:50:44,0,77.219.11.146,100,432,1,2024-11-15 19:50:44,R_2YPSnPM3OwmEi0F,,,,,56.9496,24.0978,anonymous,EN,1,1,3,1,,1,2,,2,,2,,,,,3,4,3,16,,1,1,1,5,2,2,2,2,
2024-11-15 20:08:14,2024-11-15 20:11:02,0,212.3.196.229,100,168,1,2024-11-15 20:11:03,R_8jK5ykImv2Sh01K,,,,,56.9496,24.0978,qr,EN,2,2,1,3,,7,3,,2,,2,,,,,3,1,1,17,,5,1,5,4,3,3,4,2,
2024-11-15 20:08:23,2024-11-15 20:11:39,0,77.219.3.213,100,196,1,2024-11-15 20:11:39,R_2DDB0LfRNKYb3l7,,,,,56.9496,24.0978,qr,EN,2,2,1,3,,7,3,,2,,1,11,,2,3,2,1,1,17,,5,1,3,5,2,5,5,5,
2024-11-15 20:09:15,2024-11-15 20:12:02,0,77.219.14.166,100,166,1,2024-11-15 20:12:02,R_2KpgyWkjCSouLC4,,,,,56.9496,24.0978,qr,EN,2,2,1,3,,7,3,,3,,1,1,,2,2,3,1,1,17,,1,1,5,1,1,1,1,1,
2024-11-15 21:36:49,2024-11-15 21:42:47,0,85.254.74.152,100,358,1,2024-11-15 21:42:48,R_85zsZdpyJHAu7Bn,,,,,56.9496,24.0978,anonymous,EN,1,4,3,2,,2,1,,1,,1,7,,3,,3,2,1,10,,1,1,5,2,3,4,3,2,
2024-11-15 22:40:26,2024-11-15 22:42:50,0,78.84.108.250,100,144,1,2024-11-15 22:42:50,R_8RqIWR3NEfrGTZ9,,,,,56.9496,24.0978,anonymous,EN,1,1,6,2,,4,2,,4,,1,11,,4,2,3,5,1,19,Diplomātija,5,2,5,1,1,1,1,1,
2024-11-16 00:06:41,2024-11-16 00:18:25,0,85.203.231.252,100,703,1,2024-11-16 00:18:25,R_8PZ7TYCJqTj7ALK,,,,,57.0686,9.9196,anonymous,EN,1,1,2,1,,7,2,,3,,1,11,,1,1,1,3,1,6,,2,1,1,3,2,3,3,4,
2024-11-16 15:15:26,2024-11-16 15:25:48,0,80.89.78.30,100,621,1,2024-11-16 15:25:49,R_8NJaM7pcJOIXHPg,,,,,56.9496,24.0978,anonymous,EN,1,6,3,2,,3,3,,1,,1,1,,2,2,5,1,1,1,,1,1,1,5,5,5,5,5,
2024-11-16 19:54:00,2024-11-16 20:01:34,0,77.219.2.128,100,453,1,2024-11-16 20:01:35,R_8bUINY5hJmenPBb,,,,,56.9496,24.0978,anonymous,EN,1,5,3,3,,3,1,,2,,1,9,,2,2,2,1,2,10,,5,1,3,4,3,4,4,1,
2024-11-17 00:04:03,2024-11-17 01:16:42,0,104.28.31.29,100,4358,1,2024-11-17 01:16:42,R_8DSJs8I0dKzqHj1,,,,,56.9496,24.0978,anonymous,EN,2,1,2,1,,4,3,,1,,1,14,,1,1,2,1,2,7,,5,4,1,3,3,4,3,3,
2024-11-17 02:09:06,2024-11-17 02:11:39,0,212.3.197.200,100,152,1,2024-11-17 02:11:39,R_2CxLGcYacMQHBBv,,,,,56.9496,24.0978,anonymous,EN,2,3,6,2,,5,2,,3,,2,,,,,3,2,2,11,,2,1,1,4,3,3,5,3,
2024-11-17 12:10:45,2024-11-17 12:22:05,0,95.68.61.190,100,680,1,2024-11-17 12:22:06,R_2NlHO6yKtVpN2lj,,,,,57.5377,25.4314,anonymous,EN,2,3,3,1,,4,3,,2,,1,7,,3,3,3,1,2,6,,3,1,1,2,2,2,2,2,
2024-11-17 12:36:57,2024-11-17 12:40:54,0,46.109.101.150,100,236,1,2024-11-17 12:40:54,R_2qqIIwWo2sr3WeG,,,,,56.9496,24.0978,anonymous,EN,1,2,1,3,,4,3,,3,,1,1,,3,2,2,2,1,10,,2,1,5,4,3,2,2,2,
2024-11-17 14:29:11,2024-11-17 14:35:32,0,88.90.90.103,100,380,1,2024-11-17 14:35:32,R_2kugWBpehtr4OHL,,,,,69.6341,18.9745,anonymous,EN,2,4,3,6,,7,3,,3,,2,,,,,3,4,2,6,,1,2,1,4,3,3,3,3,
2024-11-17 18:27:40,2024-11-17 18:34:56,0,95.68.61.190,100,436,1,2024-11-17 18:34:57,R_2OPtrrhs1QCMQsg,,,,,57.5377,25.4314,anonymous,EN,1,5,3,3,,3,3,,1,,1,7,,4,1,3,3,1,16,,1,1,2,3,2,3,3,2,
2024-11-18 01:18:55,2024-11-18 01:21:31,0,91.105.30.100,100,156,1,2024-11-18 01:21:32,R_8VybEYA7nUJvGKG,,,,,56.9496,24.0978,anonymous,EN,2,2,2,6,,3,3,,1,,2,,,,,2,1,2,8,,1,1,1,4,3,4,4,4,
2024-11-18 01:27:17,2024-11-18 01:29:37,0,80.89.79.148,100,140,1,2024-11-18 01:29:38,R_8qX54bAg3Dn0lTo,,,,,56.9496,24.0978,anonymous,EN,2,3,5,3,,4,3,,2,,1,7,,2,2,4,3,2,9,,5,2,4,3,3,1,4,2,
2024-11-18 21:47:35,2024-11-18 21:49:18,0,195.122.12.67,100,102,1,2024-11-18 21:49:19,R_8Cg10qptjsSAmXy,,,,,56.9496,24.0978,anonymous,EN,2,3,4,1,,4,3,,2,,2,,,,,2,1,2,2,,1,1,1,4,3,4,4,4,
2024-11-18 22:37:58,2024-11-18 22:44:41,0,31.164.120.20,100,403,1,2024-11-18 22:44:42,R_8n72hX2ikXidEAJ,,,,,47.3712,8.4789,anonymous,EN,1,3,3,3,,3,3,,2,,2,,,,,3,2,1,17,,2,1,3,5,3,4,4,2,
2024-11-19 15:15:20,2024-11-19 15:19:18,0,85.254.73.142,100,237,1,2024-11-19 15:19:19,R_83sw09XT0KW04h3,,,,,56.9496,24.0978,anonymous,EN,2,4,6,1,,4,3,,3,,1,12,,1,1,4,3,2,6,,4,1,1,4,2,3,4,2,
2024-11-19 15:32:32,2024-11-19 15:37:42,0,81.198.109.191,100,309,1,2024-11-19 15:37:42,R_2pDrXHxRUXHc6pC,,,,,56.9496,24.0978,anonymous,EN,1,4,1,3,,3,2,,2,,1,11,,2,2,3,3,1,16,,4,1,5,3,2,2,4,2,
2024-11-19 15:40:02,2024-11-19 15:42:51,0,213.175.126.8,100,169,1,2024-11-19 15:42:52,R_2zV1AmMpDCkxv9L,,,,,56.9496,24.0978,anonymous,EN,1,4,1,4,,,1,,4,,1,1,,2,3,2,2,1,16,,5,5,4,4,2,2,3,2,
2024-11-19 16:33:32,2024-11-19 16:37:37,0,213.175.126.208,100,245,1,2024-11-19 16:37:38,R_2RaW09XjQrWhhkS,,,,,56.9496,24.0978,anonymous,EN,1,5,1,3,,5,2,,5,,1,1,,3,1,3,4,1,16,,4,1,5,4,3,2,2,2,
2024-11-19 16:35:36,2024-11-19 16:40:01,0,195.122.25.132,100,264,1,2024-11-19 16:40:02,R_8UasXUwyMgEzx6O,,,,,56.9496,24.0978,anonymous,EN,1,4,5,3,,5,3,,4,,1,11,,1,1,2,4,1,15,,4,4,2,3,2,4,2,1,
2024-11-19 16:38:02,2024-11-19 16:42:11,0,77.219.11.126,100,249,1,2024-11-19 16:42:11,R_8pVVP6omv4pe6If,,,,,56.9496,24.0978,anonymous,EN,2,5,1,2,,5,2,,2,,1,7,,2,1,3,3,1,16,,3,1,4,4,2,2,4,2,
2024-11-19 16:38:56,2024-11-19 16:42:21,0,195.122.25.132,100,205,1,2024-11-19 16:42:22,R_2XbKwsCerLJg8l3,,,,,56.9496,24.0978,anonymous,EN,1,4,5,3,,3,2,,2,,2,,,,,3,3,1,16,,5,5,4,4,2,2,5,2,
2024-11-19 16:42:17,2024-11-19 16:47:02,0,195.122.25.132,100,285,1,2024-11-19 16:47:03,R_28V6OKSio5kfXhL,,,,,56.9496,24.0978,anonymous,EN,1,6,5,2,,4,1,,2,,1,7,,2,1,3,1,1,19,ES projektu vadība,5,3,4,3,2,2,3,1,
2024-11-19 17:00:26,2024-11-19 17:03:13,0,213.175.126.122,100,167,1,2024-11-19 17:03:14,R_81YrpruJjML8pak,,,,,56.9496,24.0978,anonymous,EN,1,6,1,3,,7,1,,1,,1,7,,2,2,1,2,1,16,,5,2,4,5,5,5,5,2,
2024-11-19 17:00:29,2024-11-19 17:10:41,0,85.254.74.51,100,611,1,2024-11-19 17:10:41,R_8oMDrDbCryR1DNL,,,,,56.9496,24.0978,anonymous,EN,1,3,3,3,,4,3,,3,,1,3,,2,3,3,3,2,17,,5,2,2,4,2,3,4,2,
2024-11-19 17:10:29,2024-11-19 17:13:44,0,85.254.74.143,100,194,1,2024-11-19 17:13:45,R_8SiqHI3n9fBK8qJ,,,,,56.9496,24.0978,anonymous,EN,2,3,3,1,,4,3,,2,,1,11,,2,3,3,1,2,6,,1,1,1,2,3,3,3,2,
2024-11-19 17:06:27,2024-11-19 17:15:06,0,213.175.126.208,100,519,1,2024-11-19 17:15:07,R_8DJYMdrcdNJuAsV,,,,,56.9496,24.0978,anonymous,EN,1,6,1,2,,6,2,,2,,1,1,,2,1,3,3,1,16,,5,1,3,4,3,2,4,2,
2024-11-19 17:08:51,2024-11-19 17:17:33,0,81.198.236.2,100,521,1,2024-11-19 17:17:34,R_81XGNOVNzLxb3Pj,,,,,56.9496,24.0978,anonymous,EN,2,1,1,3,,5,3,,6,"Drīzāk liberāla, bet ir liberālas pozīcijas, pret kurām esmu stipri pret",1,11,,3,2,2,3,1,16,,5,1,3,3,1,3,4,1,"Angļu valodā ir divi jēdzieni: equality of possibility and equality of outcome. Es uzskatu, ka jābūt vienādam iespējam, nevis vienādiem rezultātiem. Mēs nevaram prasīt ideālus statistiskus 50% sievietes kā rezultātu, jo jāņem vērā vairāki aspēkti (cik sievietes vidēji ir ieinteresētas politikā, vairāki vēsturiski aspekti u.c.). Pat ja mēs ņemsim tādus apektus vērā mums jārēķīnas, ka statistika sāka labi stradāt ap 200 - 1000 paraugiem, līdz ar ko equality of outcome var normāli novērtēt tikai pēc 800 gadiem agrākais, līdz ar ko uzskatu, ka jāskatas uz equality of possibility"
2024-11-19 17:19:27,2024-11-19 17:24:07,0,85.254.73.108,100,280,1,2024-11-19 17:24:08,R_8CrPcbwpbQVvlEC,,,,,56.9496,24.0978,anonymous,EN,1,5,2,2,,7,2,,4,,1,13,,2,2,3,3,1,16,,4,1,5,2,3,3,2,1,
2024-11-19 17:19:41,2024-11-19 17:24:49,0,212.3.194.17,100,308,1,2024-11-19 17:24:49,R_8n66lRgNMu9kJA3,,,,,56.9496,24.0978,anonymous,EN,1,5,5,6,,4,2,,2,,1,13,,3,4,3,2,1,16,,5,2,2,4,2,1,4,1,
2024-11-19 17:22:57,2024-11-19 17:25:34,0,212.3.197.14,100,157,1,2024-11-19 17:25:34,R_2ckqN098amOTgV2,,,,,56.9496,24.0978,anonymous,EN,2,3,1,3,,7,2,,4,,1,1,,2,1,3,5,1,16,,5,5,5,4,1,1,2,1,
2024-11-19 17:46:46,2024-11-19 17:53:24,0,212.3.198.145,100,398,1,2024-11-19 17:53:25,R_8g74IWUBL2MaCWK,,,,,56.9496,24.0978,anonymous,EN,1,4,6,2,,3,3,,1,,1,14,Neatceros,2,2,3,1,1,16,,2,1,5,1,5,1,5,2,
2024-11-19 18:45:33,2024-11-19 18:50:19,0,85.254.246.231,100,286,1,2024-11-19 18:50:19,R_8zZ1T1EJyITsEWN,,,,,56.6477,23.723,anonymous,EN,1,5,6,3,,4,2,,4,,1,1,,1,1,3,2,1,1,,2,2,5,5,2,2,3,2,
2024-11-19 19:05:45,2024-11-19 19:09:16,0,213.226.141.231,100,210,1,2024-11-19 19:09:16,R_2iFtKPCl5t7p8uJ,,,,,56.9496,24.0978,anonymous,EN,1,4,1,2,,5,3,,2,,2,,,,,3,2,1,16,,4,1,5,2,2,2,3,2,
2024-11-19 19:34:09,2024-11-19 19:41:35,0,84.15.223.223,100,446,1,2024-11-19 19:41:36,R_2NSckn3eUtX7cat,,,,,56.9496,24.0978,anonymous,EN,1,5,6,3,,4,2,,4,,1,11,,2,1,2,3,1,17,,3,1,3,5,5,4,4,2,
2024-11-19 19:51:35,2024-11-19 19:53:20,0,213.100.12.104,100,104,1,2024-11-19 19:53:20,R_2rYv1audq0zzd6R,,,,,56.6221,25.0833,anonymous,EN,1,5,4,2,,3,1,,3,,2,,,,,2,3,2,18,,4,1,4,3,2,1,3,2,
2024-11-19 19:55:40,2024-11-19 20:00:16,0,212.3.197.128,100,275,1,2024-11-19 20:00:17,R_8DZCA7PQcV10iiE,,,,,56.9496,24.0978,anonymous,EN,1,4,4,4,,3,3,,4,,1,1,,1,1,3,3,1,15,,4,4,5,3,4,4,4,2,
2024-11-19 20:11:27,2024-11-19 20:13:59,0,159.148.67.136,100,152,1,2024-11-19 20:13:59,R_8up4A7Yj9zc7WA9,,,,,56.9496,24.0978,anonymous,EN,1,2,4,2,,3,2,,4,,1,1,,3,1,1,4,2,14,,4,1,3,2,1,1,3,1,
2024-11-19 20:14:22,2024-11-19 20:16:57,0,195.13.217.194,100,154,1,2024-11-19 20:16:57,R_2KCjTrJ7J2zn23i,,,,,56.9496,24.0978,anonymous,EN,2,5,2,3,,5,3,,3,,1,7,,2,2,4,3,2,7,,4,2,2,4,3,2,3,2,
2024-11-19 20:19:57,2024-11-19 20:22:13,0,159.148.11.242,100,135,1,2024-11-19 20:22:14,R_26FDtxHGIJBhyZr,,,,,56.9496,24.0978,anonymous,EN,2,2,2,2,,3,3,,3,,2,,,,,3,2,2,4,,3,1,1,3,1,3,3,2,
2024-11-19 20:26:20,2024-11-19 20:27:45,0,80.232.248.220,100,85,1,2024-11-19 20:27:46,R_8qVE0cIyBqQjHUG,,,,,56.9496,24.0978,anonymous,EN,1,3,6,2,,4,2,,4,,2,,,,,2,4,1,18,,5,1,4,2,1,1,2,1,
2024-11-19 20:42:52,2024-11-19 20:48:11,0,212.3.197.57,100,318,1,2024-11-19 20:48:11,R_2LHerzRVHNjH3Zz,,,,,56.9496,24.0978,anonymous,EN,1,6,3,3,,4,3,,2,,1,7,,2,4,4,4,1,16,,5,1,4,5,3,3,4,2,
2024-11-19 20:50:51,2024-11-19 21:00:13,0,77.219.1.37,100,562,1,2024-11-19 21:00:14,R_2eJEgyw5prjxzah,,,,,56.9496,24.0978,anonymous,EN,1,3,1,6,,5,3,,6,Neitrāla,1,8,,1,1,4,1,1,16,,2,1,3,3,2,2,4,3,
2024-11-19 21:42:16,2024-11-19 21:47:38,0,62.205.220.94,100,321,1,2024-11-19 21:47:38,R_8CxNcwEqATFObWV,,,,,56.9496,24.0978,anonymous,EN,1,6,5,6,,5,3,,2,,1,3,,2,4,4,4,1,19,NVO interešu aizstāvība,5,2,1,4,2,2,2,1,es pati esmu priekšniece
2024-11-19 22:46:09,2024-11-19 22:58:34,0,78.84.85.116,100,744,1,2024-11-19 22:58:35,R_2DRFRrZPFHC54jL,,,,,57.5377,25.4314,anonymous,EN,2,1,3,6,,2,2,,2,,1,8,,4,4,3,2,3,18,,2,1,3,5,4,2,5,2,
2024-11-20 00:35:00,2024-11-20 00:39:39,0,213.110.64.74,100,278,1,2024-11-20 00:39:39,R_2gFv4Kuz0QgcNSp,,,,,56.9496,24.0978,anonymous,EN,1,3,1,3,,5,3,,4,,1,1,,3,4,3,3,1,16,,3,2,2,2,1,2,3,2,"sievietes ir emocionālākas, sīkumainākas, tāpēc nav piemērotas augstiem amatiem, bet nevis tāpēc, ka ir nekompetentas"
2024-11-20 08:10:23,2024-11-20 08:13:26,0,195.122.25.132,100,182,1,2024-11-20 08:13:26,R_8WZJAf8mqWiQ97d,,,,,56.9496,24.0978,anonymous,EN,2,3,5,2,,4,3,,3,,1,7,,2,2,2,1,1,14,,5,5,4,4,2,3,4,1,
2024-11-20 08:52:59,2024-11-20 08:58:59,0,212.3.196.39,100,360,1,2024-11-20 08:59:00,R_8fuQBKOzkYHd6wV,,,,,56.9496,24.0978,anonymous,EN,1,3,1,2,,4,3,,4,,1,1,,2,2,3,3,2,17,,5,3,2,4,2,2,4,2,
2024-11-20 09:28:33,2024-11-20 09:31:23,0,213.175.126.37,100,170,1,2024-11-20 09:31:26,R_24sZmlqO3pi51Nn,,,,,56.9496,24.0978,anonymous,EN,1,4,1,3,,4,3,,2,,1,3,,2,4,3,1,1,16,,2,1,2,2,3,1,4,1,
2024-11-20 10:01:27,2024-11-20 10:05:54,0,213.175.126.208,100,267,1,2024-11-20 10:05:55,R_2b1bvnzErfHxTjo,,,,,56.9496,24.0978,anonymous,EN,1,2,1,6,,5,3,,5,,1,1,,1,3,4,4,1,16,,3,1,5,4,1,1,2,1,
2024-11-20 09:50:27,2024-11-20 10:08:00,0,195.122.25.132,100,1053,1,2024-11-20 10:08:01,R_8qamIzByxL6ZCPa,,,,,56.9496,24.0978,anonymous,EN,1,4,5,2,,3,2,,2,,1,1,,2,1,3,3,1,15,,4,1,4,3,2,2,3,2,
2024-11-20 11:01:01,2024-11-20 11:06:25,0,213.175.126.208,100,324,1,2024-11-20 11:06:27,R_2CxY3gJ1U5bC9th,,,,,56.9496,24.0978,anonymous,EN,1,6,1,3,,6,3,,4,,1,1,,1,1,4,3,1,16,,3,1,2,3,4,3,3,1,
2024-11-20 11:43:45,2024-11-20 11:48:48,0,195.13.208.226,100,302,1,2024-11-20 11:48:49,R_2xCPAz52qxkZwl2,,,,,56.9496,24.0978,anonymous,EN,1,5,6,3,,5,3,,1,,1,14,?,2,1,2,1,1,16,,2,2,1,5,1,1,3,3,Lūdzu!
2024-11-20 13:01:41,2024-11-20 13:07:34,0,159.148.200.44,100,352,1,2024-11-20 13:07:35,R_8gFJ1IlLe8GsZUB,,,,,56.9989,24.9969,anonymous,EN,1,5,4,5,Augstākā profesionālā izglītība,5,2,,4,,1,1,,1,1,3,3,1,14,,5,1,5,4,2,2,2,2,Arī sievietes var būt profesionāles dažādās jomās
2024-11-20 13:12:41,2024-11-20 13:17:59,0,90.139.55.239,100,318,1,2024-11-20 13:17:59,R_8CJIHDIjdBQi6I2,,,,,56.9496,24.0978,anonymous,EN,1,2,4,3,,4,3,,4,,1,14,Nevēlos norādīt,2,2,1,4,1,19,Neformālā izglītība,5,2,3,1,1,1,1,1,
2024-11-20 13:13:36,2024-11-20 13:18:37,0,195.122.22.162,100,300,1,2024-11-20 13:18:38,R_8gBrOiTydNiKyxX,,,,,56.9496,24.0978,anonymous,EN,1,2,4,2,,4,3,,5,,1,13,,2,2,3,2,1,10,,4,1,5,4,2,2,3,2,
2024-11-20 13:45:58,2024-11-20 13:49:31,0,195.13.160.242,100,212,1,2024-11-20 13:49:31,R_8qfW2lHYMpCUWST,,,,,56.5085,27.3481,anonymous,EN,2,4,4,3,,1,1,,1,,1,7,,2,3,2,1,1,16,,4,2,2,5,5,5,5,2,
2024-11-20 13:51:54,2024-11-20 13:58:09,0,195.13.160.242,100,374,1,2024-11-20 13:58:10,R_2s6hZkaJta6RhPM,,,,,56.5085,27.3481,anonymous,EN,1,4,4,2,,4,3,,1,,1,3,,2,3,3,3,1,16,,4,1,3,4,5,5,4,3,
2024-11-20 14:03:08,2024-11-20 14:07:53,0,195.13.160.242,100,285,1,2024-11-20 14:07:54,R_8qsS64BAer67Vmr,,,,,56.5085,27.3481,anonymous,EN,1,3,4,3,,2,3,,1,,1,1,,2,1,3,4,1,16,,5,1,3,5,3,2,4,2,
2024-11-20 14:16:06,2024-11-20 14:24:33,0,195.122.22.162,100,507,1,2024-11-20 14:24:34,R_289xM44wliDWElX,,,,,56.9496,24.0978,anonymous,EN,1,4,4,2,,4,2,,3,,1,3,,2,1,3,4,1,19,sociālie pakalpojumi,4,2,5,4,3,2,3,1,
2024-11-20 14:19:21,2024-11-20 14:27:55,0,62.63.162.135,100,513,1,2024-11-20 14:27:56,R_21cIfWpeHwyD7qM,,,,,56.5494,27.7139,anonymous,EN,2,4,4,2,,5,3,,3,,1,1,,2,2,3,1,1,14,,4,1,2,4,1,2,4,2,
2024-11-20 14:23:15,2024-11-20 14:28:39,0,91.200.66.139,100,323,1,2024-11-20 14:28:39,R_8Lhs5QCf6tAZP8t,,,,,56.8128,24.5937,anonymous,EN,1,5,4,1,,2,2,,1,,2,,,,,3,3,1,14,,4,1,5,1,3,3,3,3,
2024-11-20 14:26:01,2024-11-20 14:30:09,0,195.13.160.242,100,247,1,2024-11-20 14:30:09,R_2dm2LMiyiYdeade,,,,,56.5085,27.3481,anonymous,EN,1,5,4,3,,3,3,,4,,1,12,,2,1,3,1,1,16,,4,1,2,3,4,3,4,3,
2024-11-20 14:39:16,2024-11-20 14:48:28,0,78.84.116.92,100,551,1,2024-11-20 14:48:28,R_2v1Ur0gcxDK1APd,,,,,56.9496,24.0978,anonymous,EN,2,3,1,4,,5,3,,6,Uz katru iepriekš minēto - dažāda,1,1,,3,2,3,3,1,13,,4,2,3,4,3,3,3,3,
2024-11-20 14:54:07,2024-11-20 14:58:08,0,89.254.142.162,100,241,1,2024-11-20 14:58:09,R_2PTtXLI8vGTZWPD,,,,,56.5128,21.0154,anonymous,EN,1,4,6,2,,4,3,,4,,1,11,,1,2,2,2,2,10,,5,2,1,3,1,1,2,1,
2024-11-20 15:08:30,2024-11-20 15:14:14,0,91.200.66.139,100,344,1,2024-11-20 15:14:14,R_21baUORyD3QHnxX,,,,,56.8128,24.5937,anonymous,EN,1,5,4,2,,5,2,,2,,1,3,,2,3,3,3,1,10,,4,4,4,3,2,2,3,1,
2024-11-20 15:15:17,2024-11-20 15:18:04,0,90.133.127.24,100,166,1,2024-11-20 15:18:04,R_2WIibvUoOIqq2lV,,,,,56.9496,24.0978,anonymous,EN,1,2,2,2,,5,3,,3,,1,13,,2,2,3,4,2,10,,2,1,2,3,2,2,3,2,
2024-11-20 15:16:51,2024-11-20 15:19:33,0,80.89.73.123,100,162,1,2024-11-20 15:19:33,R_8ruJrfXMRANQ7Qh,,,,,56.9496,24.0978,anonymous,EN,1,3,2,2,,4,3,,4,,1,1,,2,2,3,3,2,10,,5,2,4,4,2,3,3,1,
2024-11-20 15:20:28,2024-11-20 15:27:11,0,212.3.197.106,100,403,1,2024-11-20 15:27:12,R_85QuNJWWJA8vlLo,,,,,56.9496,24.0978,anonymous,EN,1,4,1,6,,3,2,,3,,1,13,,3,2,3,1,3,,,5,2,5,3,1,2,4,1,
2024-11-20 15:27:30,2024-11-20 15:30:19,0,212.3.194.169,100,168,1,2024-11-20 15:30:19,R_8ALqoiGZFMYqCIL,,,,,56.9496,24.0978,anonymous,EN,1,3,2,3,,5,3,,4,,1,11,,2,1,1,2,1,18,,3,5,4,3,4,3,4,1,
2024-11-20 15:30:13,2024-11-20 15:32:25,0,90.130.109.19,100,132,1,2024-11-20 15:32:26,R_8h46T0Fviby5BgI,,,,,56.9496,24.0978,anonymous,EN,1,5,3,6,,4,3,,2,,1,3,,2,2,1,3,2,10,,2,1,3,3,2,2,2,1,
2024-11-20 15:34:57,2024-11-20 15:37:46,0,81.198.87.125,100,169,1,2024-11-20 15:37:46,R_8mhWqrOpx6iIxCp,,,,,56.9496,24.0978,anonymous,EN,1,3,6,3,,6,3,,2,,1,1,,2,4,3,2,1,18,,5,2,2,3,2,2,2,1,
2024-11-20 15:42:33,2024-11-20 15:45:56,0,212.3.199.241,100,203,1,2024-11-20 15:45:57,R_24Nt3F93rlsp7J1,,,,,56.9496,24.0978,anonymous,EN,1,6,4,3,,5,1,,1,,1,8,,2,1,1,1,1,16,,5,2,1,5,4,4,4,4,
2024-11-20 15:40:33,2024-11-20 15:46:21,0,91.200.66.139,100,348,1,2024-11-20 15:46:21,R_2QmOBwxjPh7anYI,,,,,56.8128,24.5937,anonymous,EN,1,4,4,1,,4,3,,2,,1,8,,1,1,5,2,1,16,,1,1,5,4,4,4,4,2,
2024-11-20 15:51:58,2024-11-20 15:58:21,0,89.254.142.162,100,383,1,2024-11-20 15:58:22,R_2hmW0cKZZ18hFgZ,,,,,56.5128,21.0154,anonymous,EN,1,3,6,6,,2,3,,4,,1,1,,2,1,3,4,1,19,Plašsaziņas līdzekļi (mediji),5,2,1,4,1,1,1,1,
2024-11-20 16:02:55,2024-11-20 16:10:59,0,195.122.22.162,100,483,1,2024-11-20 16:11:00,R_22QaZNPBROHeZEJ,,,,,56.9496,24.0978,anonymous,EN,1,2,4,2,,7,2,,3,,1,13,,2,1,1,4,1,18,,5,2,4,4,1,1,3,1,
2024-11-20 16:11:15,2024-11-20 16:16:48,0,195.122.22.162,100,333,1,2024-11-20 16:16:49,R_2Qg9pL2m4RO4iZs,,,,,56.9496,24.0978,anonymous,EN,1,5,4,5,augstākā profesionālā izglītība,5,2,,2,,1,12,,2,2,3,1,1,17,,5,1,3,4,1,2,2,1,
2024-11-20 16:19:14,2024-11-20 16:22:30,0,195.13.215.156,100,195,1,2024-11-20 16:22:30,R_86wnjx47T3IEYCd,,,,,56.9496,24.0978,anonymous,EN,1,3,2,6,,5,3,,2,,1,3,,2,2,1,3,1,9,,5,3,5,3,2,2,4,1,
2024-11-20 16:29:48,2024-11-20 16:32:46,0,89.254.142.162,100,178,1,2024-11-20 16:32:47,R_8y925Kv1Evt3ayx,,,,,56.5128,21.0154,anonymous,EN,1,4,6,2,,6,2,,4,,1,13,,2,2,3,4,2,10,,5,1,1,3,2,2,2,2,
2024-11-20 16:29:45,2024-11-20 17:01:07,0,89.254.142.162,100,1881,1,2024-11-20 17:01:07,R_26oqNA7ReN6NH8Z,,,,,56.5128,21.0154,anonymous,EN,1,5,6,2,,4,3,,4,,1,1,,1,1,1,3,2,10,,4,1,3,4,2,1,4,1,
2024-11-20 17:38:19,2024-11-20 17:44:14,0,80.89.74.61,100,355,1,2024-11-20 17:44:15,R_8loow8CSF9QmDSN,,,,,56.9496,24.0978,anonymous,EN,1,3,5,4,,7,3,,4,,1,1,,2,2,3,4,1,18,,5,4,3,3,1,2,2,1,
2024-11-20 17:48:37,2024-11-20 17:52:03,0,90.139.130.227,100,206,1,2024-11-20 17:52:04,R_84HfIKujzKQRRM5,,,,,56.9496,24.0978,anonymous,EN,1,3,1,3,,2,3,,2,,1,1,,3,3,1,2,2,10,,2,1,4,4,2,1,1,3,
2024-11-20 18:55:56,2024-11-20 18:59:51,0,178.236.195.106,100,234,1,2024-11-20 18:59:52,R_8dRXQIV8uVk46nm,,,,,56.9496,24.0978,anonymous,EN,1,4,1,5,Nepabeigts maģistra grāds,6,3,,2,,1,1,,2,2,1,3,1,16,,3,3,3,4,4,5,4,2,
2024-11-20 18:57:32,2024-11-20 19:03:33,0,77.93.12.16,100,360,1,2024-11-20 19:03:33,R_8P0Onyhhj2G7EqZ,,,,,56.9496,24.0978,anonymous,EN,1,5,1,3,,2,2,,6,,1,7,,1,1,1,4,1,16,,1,1,5,4,4,4,4,2,-
2024-11-20 21:03:12,2024-11-20 21:08:13,0,90.139.44.76,100,301,1,2024-11-20 21:08:14,R_2mO5fPbOtLacg9x,,,,,56.9496,24.0978,anonymous,EN,1,6,3,3,,5,2,,4,,1,13,,2,1,3,4,1,16,,2,1,5,3,1,1,1,1,
2024-11-20 23:31:02,2024-11-20 23:33:04,0,82.39.188.172,100,121,1,2024-11-20 23:33:04,R_2Eor4uLpAuoRk3G,,,,,51.8659,-2.2059,anonymous,EN,1,1,3,1,,6,3,,2,,2,,,,,1,5,1,18,,5,4,4,3,1,1,1,1,
2024-11-21 08:21:58,2024-11-21 08:27:37,0,195.122.22.114,100,338,1,2024-11-21 08:27:37,R_2wLcGtBEYXlGamj,,,,,56.9496,24.0978,anonymous,EN,2,5,5,6,,7,4,Ļoti reti,5,,1,1,,1,1,2,4,1,18,,4,1,3,4,1,2,1,1,
2024-11-21 08:26:05,2024-11-21 08:29:57,0,159.148.202.116,100,232,1,2024-11-21 08:29:59,R_8zX5V52C2yCu0bT,,,,,56.9496,24.0978,anonymous,EN,2,3,2,6,,7,3,,5,,1,1,,2,2,3,3,2,7,,4,3,3,4,2,2,3,2,
2024-11-21 08:42:37,2024-11-21 08:45:13,0,89.254.142.162,100,155,1,2024-11-21 08:45:13,R_2dFTRkaG68Huu5E,,,,,56.5128,21.0154,anonymous,EN,1,4,6,1,,4,3,,2,,1,1,,2,3,3,1,2,10,,5,2,3,4,2,1,2,1,
2024-11-21 08:42:42,2024-11-21 08:46:14,0,62.63.161.207,100,212,1,2024-11-21 08:46:15,R_8H7U02vAz7o1hcd,,,,,56.5494,27.7139,anonymous,EN,1,2,4,2,,3,3,,4,,1,11,,2,2,2,2,1,16,,4,1,5,3,1,2,2,1,
2024-11-21 08:47:59,2024-11-21 08:51:43,0,89.254.142.162,100,224,1,2024-11-21 08:51:44,R_2I6FkQG4aplSn4S,,,,,56.5128,21.0154,anonymous,EN,1,3,6,3,,3,2,,6,neitrāla,1,11,,2,2,3,5,2,10,,5,2,3,3,3,3,3,3,
2024-11-21 09:02:43,2024-11-21 09:08:17,0,90.130.109.19,100,333,1,2024-11-21 09:08:18,R_2mLuBclUlsejRlA,,,,,56.9496,24.0978,anonymous,EN,1,3,3,6,,4,3,,2,,1,3,,1,1,3,4,2,10,,4,1,5,4,2,2,3,1,
2024-11-21 09:14:35,2024-11-21 09:17:43,0,83.99.149.95,100,187,1,2024-11-21 09:17:44,R_84F7EXctP29qwCt,,,,,56.9496,24.0978,anonymous,EN,1,4,1,3,,3,3,,4,,1,11,,3,2,3,3,2,17,,4,2,3,3,2,1,2,1,
2024-11-21 09:15:07,2024-11-21 09:19:48,0,91.200.66.139,100,280,1,2024-11-21 09:19:48,R_2tuaGpKFgkWvM8V,,,,,56.8128,24.5937,anonymous,EN,1,5,4,1,,4,3,,1,,1,3,,2,2,4,1,1,18,,5,1,5,5,3,3,3,3,
2024-11-21 09:55:28,2024-11-21 09:59:15,0,91.105.64.137,100,226,1,2024-11-21 09:59:16,R_2hhWU3igf2m2MwW,,,,,56.9496,24.0978,anonymous,EN,1,6,2,3,,4,2,,4,,1,7,,2,2,3,4,1,16,,2,1,4,4,4,3,2,2,
2024-11-21 11:20:40,2024-11-21 11:26:02,0,91.105.30.100,100,321,1,2024-11-21 11:26:03,R_20hJYoG12jC2ldV,,,,,56.9496,24.0978,anonymous,EN,2,5,1,4,,6,3,,3,,1,1,,3,3,4,3,2,10,,3,3,2,1,2,2,2,1,"Vai sievietes politikā zina, ko darīt ar iegūto varu?"
2024-11-21 11:27:21,2024-11-21 11:34:26,0,89.254.134.156,100,425,1,2024-11-21 11:34:27,R_2XKa3RFzXY1eKXL,,,,,56.5128,21.0154,anonymous,EN,1,2,6,2,,4,3,,5,,1,12,,1,1,3,5,2,10,,5,1,1,3,1,1,1,1,
2024-11-21 11:43:56,2024-11-21 11:48:08,0,89.201.7.184,100,251,1,2024-11-21 11:48:09,R_8g9efuZ3pRHgyMp,,,,,56.9496,24.0978,anonymous,EN,1,5,4,3,,3,1,,6,pieņemu,1,12,,2,2,4,5,1,15,,5,2,5,3,2,2,2,2,
2024-11-21 11:48:50,2024-11-21 11:52:02,0,213.175.126.86,100,191,1,2024-11-21 11:52:02,R_8Y5tbka0r5KrTIw,,,,,56.9496,24.0978,anonymous,EN,1,6,1,3,,7,2,,4,,1,1,,2,2,3,5,1,16,,3,1,5,4,2,2,2,2,
2024-11-21 11:50:30,2024-11-21 11:52:20,0,212.3.197.36,100,110,1,2024-11-21 11:52:21,R_2aKSIbPpqZY6vcC,,,,,56.9496,24.0978,anonymous,EN,1,3,1,3,,7,3,,2,,1,7,,2,4,3,5,1,16,,5,3,2,1,1,1,1,1,
2024-11-21 12:01:17,2024-11-21 12:04:00,0,77.219.1.110,100,163,1,2024-11-21 12:04:01,R_2jrBnquDRBt0SjM,,,,,56.9496,24.0978,anonymous,EN,1,1,1,1,,4,3,,5,,1,11,,2,1,4,5,1,16,,5,1,5,4,1,2,1,1,
2024-11-21 12:06:56,2024-11-21 12:09:11,0,91.105.100.227,100,134,1,2024-11-21 12:09:11,R_8EfXCc06tZOZbBc,,,,,56.9496,24.0978,anonymous,EN,1,4,1,3,,5,3,,4,,1,11,,2,2,3,3,1,16,,2,1,3,3,4,4,4,3,
2024-11-21 12:25:49,2024-11-21 12:28:31,0,85.254.215.217,100,161,1,2024-11-21 12:28:32,R_2y8EnUr9OxyrdDM,,,,,56.9496,24.0978,anonymous,EN,2,1,1,1,,3,3,,1,,1,8,,2,4,2,4,2,16,,3,2,2,3,3,4,2,3,
2024-11-21 12:25:10,2024-11-21 12:29:20,0,212.3.199.44,100,249,1,2024-11-21 12:29:20,R_2l5YZ3bg8uGlxXW,,,,,56.9496,24.0978,anonymous,EN,2,1,2,1,,4,3,,3,,1,1,,2,1,2,4,2,10,,3,2,3,3,2,2,2,1,
2024-11-21 12:26:08,2024-11-21 12:30:32,0,213.175.126.86,100,264,1,2024-11-21 12:30:32,R_2GamgxyOnsnIlc5,,,,,56.9496,24.0978,anonymous,EN,1,5,1,3,,6,3,,2,,1,1,,2,1,3,1,1,16,,3,1,3,5,4,3,4,3,
2024-11-21 12:24:32,2024-11-21 12:30:45,0,213.175.126.86,100,372,1,2024-11-21 12:30:45,R_8A6GMqi8SLtw0Sd,,,,,56.9496,24.0978,anonymous,EN,1,4,2,3,,5,3,,3,,1,12,,2,2,5,3,1,16,,5,1,4,2,2,2,2,2,
2024-11-21 12:26:04,2024-11-21 12:31:38,0,82.193.92.142,100,333,1,2024-11-21 12:31:38,R_2E4QP9jCWIbvr9U,,,,,56.9496,24.0978,anonymous,EN,2,1,1,1,,7,3,,3,,1,6,,2,2,4,2,2,10,,1,1,1,4,2,2,3,2,
2024-11-21 12:28:17,2024-11-21 12:36:25,0,212.3.198.190,100,487,1,2024-11-21 12:36:25,R_8QYTf8xTkUBv2pN,,,,,56.9496,24.0978,anonymous,EN,1,3,4,6,,5,3,,5,,1,1,,1,1,3,2,2,10,,5,1,5,4,2,1,2,1,
2024-11-21 12:25:36,2024-11-21 12:36:34,0,213.175.126.86,100,658,1,2024-11-21 12:36:34,R_2NeTb1QUmzQBaq7,,,,,56.9496,24.0978,anonymous,EN,1,4,1,2,,6,2,,4,,1,13,,2,3,4,3,1,16,,3,1,5,4,3,3,3,1,
2024-11-21 11:49:26,2024-11-21 12:37:21,0,213.175.126.86,100,2874,1,2024-11-21 12:37:22,R_2CiYjURx2BJW54B,,,,,56.9496,24.0978,anonymous,EN,2,2,1,2,,6,2,,6,Tradicionālisms,1,13,,1,4,3,1,1,16,,3,1,3,4,4,4,3,2,"Katram šajā pasaulē ir sava loma. Nejiet runa par to, piemēram, ka vīrietis nevar aizstāt sievieti vai otrādi, sieviete aizstāt vīrieti. Tas viss notiek tagad un diezgan labi pēc manām domām. Bet.... Šajā pasaulē nekas nau nejauši un katram ir savi uzdevumi. Piemeram, zēnam sieviete var visu iemācīt tēva vietā, bet smalkajā plānā tāpat tēva neesamība vai nepiedalīšanās audzināšanās procesā ietekmēs zēna dzīvi. Tieši tas pats ir otrādi. Katram no mums ir sava loma. Pēc manas pieredzes un zināšanām, lai cilvēks kļūtu par CILVĒKU, viņa audzināšanā jāpiedalās gan tēvam gan mātei. Protams, cik kvalitatīvi vai pareizi notiek audzināšana tā ir cita tēma. "
2024-11-21 12:51:49,2024-11-21 12:57:33,0,87.110.171.152,100,344,1,2024-11-21 12:57:34,R_2pgWmsPrdtTus6d,,,,,56.9496,24.0978,anonymous,EN,2,1,1,6,,3,3,,3,,1,8,,2,1,3,3,2,11,,4,2,3,1,2,3,2,2,
2024-11-21 13:12:25,2024-11-21 13:16:03,0,213.175.126.86,100,218,1,2024-11-21 13:16:04,R_2SB8pEs5jqMdp1m,,,,,56.9496,24.0978,anonymous,EN,1,6,1,3,,5,2,,5,,1,1,,1,2,2,5,1,16,,3,1,5,2,1,3,2,2,
2024-11-21 13:20:41,2024-11-21 13:24:15,0,213.175.126.86,100,214,1,2024-11-21 13:24:16,R_2SCVr8j8judc3W9,,,,,56.9496,24.0978,anonymous,EN,1,4,2,3,,5,3,,2,,1,5,,2,3,3,4,1,16,,4,1,5,4,2,2,3,2,
2024-11-21 12:58:58,2024-11-21 13:25:59,0,91.105.9.38,100,1620,1,2024-11-21 13:26:00,R_8315hgLgIQH7Gvm,,,,,56.9496,24.0978,anonymous,EN,2,1,1,6,,3,3,,2,,1,14,Izvēlos neatbildēt,1,1,4,2,1,16,,1,1,5,4,3,5,5,2,
2024-11-21 13:26:26,2024-11-21 13:29:47,0,213.175.126.86,100,200,1,2024-11-21 13:29:48,R_2PYlAgVNT5O8EqB,,,,,56.9496,24.0978,anonymous,EN,1,6,2,3,,6,3,,1,,1,1,,2,2,5,1,1,16,,2,1,3,4,4,4,4,2,
2024-11-21 13:31:39,2024-11-21 13:35:03,0,87.246.175.214,100,204,1,2024-11-21 13:35:04,R_2IRinBh8dJv1GVx,,,,,56.9496,24.0978,anonymous,EN,1,5,4,3,,4,3,,1,,1,1,,2,2,2,4,1,16,,5,1,2,4,1,1,4,1,
2024-11-21 13:44:33,2024-11-21 13:46:59,0,77.219.0.218,100,145,1,2024-11-21 13:47:00,R_8OJBDYRv0bqfXvm,,,,,56.9496,24.0978,anonymous,EN,1,2,1,3,,5,2,,2,,2,,,,,3,2,1,16,,2,1,5,4,3,2,3,2,
2024-11-21 14:18:53,2024-11-21 14:24:41,0,89.18.196.32,100,347,1,2024-11-21 14:24:42,R_2ISkvwJgh7d4l79,,,,,56.9496,24.0978,anonymous,EN,2,4,1,3,,6,3,,2,,1,9,,3,1,4,1,1,16,,2,1,4,5,1,3,5,1,
2024-11-21 14:37:41,2024-11-21 14:51:29,0,83.99.149.95,100,828,1,2024-11-21 14:51:30,R_2ZIExHX30BfecZr,,,,,56.9496,24.0978,anonymous,EN,1,2,1,2,,5,3,,4,,1,1,,3,2,3,4,1,17,,5,2,5,2,1,1,2,1,
2024-11-21 15:01:54,2024-11-21 15:04:48,0,109.136.221.24,100,173,1,2024-11-21 15:04:49,R_8Bl9zb3FwtoW18d,,,,,50.842,4.4383,anonymous,EN,2,1,2,1,,7,3,,4,,1,11,,2,2,4,4,2,11,,1,1,4,4,1,1,4,1,
2024-11-21 14:56:37,2024-11-21 15:07:29,0,83.99.149.95,100,651,1,2024-11-21 15:07:30,R_2CjfuHTe8ah3C9t,,,,,56.9496,24.0978,anonymous,EN,2,3,1,6,,5,3,,3,,1,1,,2,3,2,3,3,17,,5,1,2,3,2,2,3,2,
2024-11-21 15:59:55,2024-11-21 16:06:36,0,93.177.226.29,100,401,1,2024-11-21 16:06:37,R_8D0GOziXvoaVILe,,,,,56.9496,24.0978,anonymous,EN,2,1,1,1,,6,2,,4,,1,8,,2,4,1,4,1,19,Informāciju Tehnoloģijas / Datu analītika / Projektu vadība,2,2,4,4,2,3,3,1,
2024-11-21 17:00:11,2024-11-21 17:08:08,0,83.99.149.95,100,477,1,2024-11-21 17:08:09,R_2TBqwEc492U7rIl,,,,,56.9496,24.0978,anonymous,EN,2,1,1,2,,4,2,,4,,1,1,,1,1,3,3,1,16,,1,1,5,3,1,4,3,1,
2024-11-21 17:30:39,2024-11-21 17:37:31,0,78.84.142.206,100,411,1,2024-11-21 17:37:31,R_2fvyxlFqKyNZX4B,,,,,56.9496,24.0978,anonymous,EN,2,2,1,2,,7,3,,4,,1,11,,3,1,3,3,2,19,"Pilna laika darbs IT sektorā un neliela slodze, kā personīgajam trenerim",3,2,5,2,1,3,4,1,
2024-11-21 17:37:13,2024-11-21 17:41:02,0,85.254.73.149,100,228,1,2024-11-21 17:41:02,R_81YLZ6dtUqng7UW,,,,,56.9496,24.0978,anonymous,EN,2,1,1,6,,2,3,,4,,1,12,,2,1,1,4,3,11,,3,1,1,4,3,4,3,3,
2024-11-21 17:51:25,2024-11-21 18:00:03,0,109.73.111.143,100,518,1,2024-11-21 18:00:04,R_2cSyXnrH13hNGTs,,,,,56.9496,24.0978,anonymous,EN,2,5,1,3,,4,3,,2,,1,3,,2,1,3,2,1,16,,4,1,5,4,4,4,3,2,
2024-11-21 18:13:45,2024-11-21 18:18:56,0,84.15.223.158,100,311,1,2024-11-21 18:18:57,R_8PTQ7rg5rAYLaom,,,,,56.9496,24.0978,anonymous,EN,2,5,3,1,,5,3,,1,,2,,,,,4,4,2,6,,4,1,1,4,3,4,3,3,
2024-11-21 18:18:56,2024-11-21 18:24:20,0,83.177.133.206,100,323,1,2024-11-21 18:24:20,R_2QXZuBvzLtZ18sG,,,,,56.9496,24.0978,anonymous,EN,1,5,2,2,,4,2,,2,,2,,,,,3,1,3,19,"Sports un atveseļošanās aktivitātes ",5,3,4,5,3,2,3,1,
2024-11-21 17:28:57,2024-11-21 18:53:46,0,77.219.15.94,100,5088,1,2024-11-21 18:53:46,R_2a39klH1oXONZwB,,,,,56.9496,24.0978,anonymous,EN,1,3,3,3,,5,3,,2,,1,1,,2,2,3,4,2,1,,4,3,3,3,3,2,2,2,
2024-11-21 19:04:52,2024-11-21 19:09:44,0,77.219.2.108,100,291,1,2024-11-21 19:09:44,R_25fEAIygr0GdObD,,,,,56.9496,24.0978,anonymous,EN,1,2,1,2,,6,3,,4,,1,12,,2,2,3,5,1,17,,5,1,4,2,2,2,2,2,
2024-11-21 20:33:45,2024-11-21 20:39:14,0,90.139.191.23,100,329,1,2024-11-21 20:39:15,R_2dSTgSTlrQ9jkcC,,,,,56.9496,24.0978,anonymous,EN,1,5,3,3,,4,3,,6,Nezinu,1,14,Neatceros,1,1,3,3,1,16,,2,1,5,3,3,3,3,1,
2024-11-21 21:39:31,2024-11-21 21:43:26,0,84.15.223.27,100,234,1,2024-11-21 21:43:26,R_2ImyTjndW2iDwUk,,,,,56.9496,24.0978,anonymous,EN,2,3,2,2,,6,2,,2,,1,14,Nevēlos atbildēt,1,1,2,1,3,8,,5,4,4,1,3,4,4,2,
2024-11-21 21:56:40,2024-11-21 22:04:00,0,185.31.44.125,100,440,1,2024-11-21 22:04:01,R_8onir0jaccugaa6,,,,,56.9496,24.0978,anonymous,EN,2,1,1,1,,7,3,,3,,1,11,,4,1,3,3,1,10,,3,1,4,4,3,4,5,2,
2024-11-21 22:27:22,2024-11-21 22:29:23,0,87.110.146.103,100,120,1,2024-11-21 22:29:23,R_8ffSQDGWhHfRnjy,,,,,56.9496,24.0978,anonymous,EN,1,4,1,3,,,2,,4,,1,12,,4,4,1,1,1,16,,5,4,3,3,1,3,4,1,
2024-11-22 05:41:19,2024-11-22 05:43:49,0,188.112.176.137,100,149,1,2024-11-22 05:43:50,R_8KZ3oliT5wXJ2oC,,,,,56.9496,24.0978,anonymous,EN,1,5,1,3,,,3,,3,,1,14,neatceros,1,2,1,1,1,16,,4,2,4,4,1,3,4,1,
2024-11-22 08:31:47,2024-11-22 08:36:05,0,213.175.126.86,100,258,1,2024-11-22 08:36:06,R_2N38ksaX2FlD4D8,,,,,56.9496,24.0978,anonymous,EN,2,5,2,3,,7,3,,2,,1,7,,1,1,4,1,1,16,,4,2,4,5,3,3,5,2,"Eiropā ir jāsargā vīrieši , tai skaitā no fiziskas vardarbības ģimenē."
2024-11-22 08:39:42,2024-11-22 08:42:25,0,213.175.126.86,100,163,1,2024-11-22 08:42:26,R_8K754EZOPcEIIJV,,,,,56.9496,24.0978,anonymous,EN,2,2,1,3,,7,3,,3,,1,7,,2,1,3,2,2,10,,4,4,1,4,2,4,3,2,
2024-11-22 09:52:18,2024-11-22 09:56:23,0,84.237.244.226,100,244,1,2024-11-22 09:56:23,R_2bN4jFr1OdbmAWi,,,,,56.9496,24.0978,anonymous,EN,1,4,6,2,,5,1,,1,,1,13,,4,2,3,3,1,17,,4,1,4,4,2,1,4,1,
2024-11-22 09:57:08,2024-11-22 10:04:31,0,124.38.229.187,100,443,1,2024-11-22 10:04:32,R_4OlbUMOZ6y6FJmd,,,,,35.1858,136.9027,anonymous,EN,1,1,1,1,,7,2,,5,,1,11,,2,3,1,5,2,10,,4,3,2,3,1,1,2,1,
2024-11-22 10:32:17,2024-11-22 10:34:16,0,213.175.126.86,100,119,1,2024-11-22 10:34:17,R_8QFyHiIZavqFTAQ,,,,,56.9496,24.0978,anonymous,EN,1,3,2,3,,6,2,,4,,1,1,,1,1,3,4,1,16,,2,1,5,4,4,4,1,1,
2024-11-22 10:56:10,2024-11-22 11:02:46,0,80.89.77.173,100,396,1,2024-11-22 11:02:47,R_82JWIsk3JDUUlzR,,,,,56.9496,24.0978,anonymous,EN,1,3,6,6,,1,3,,6,Neitrāli,1,14,LEMBERGU,2,2,2,4,2,19,"Tirdzniecība,pārtikas nozare",2,1,1,4,3,3,3,3,
2024-11-22 11:27:51,2024-11-22 11:33:31,0,84.15.223.213,100,340,1,2024-11-22 11:33:31,R_8jeRMSJssVYvHhw,,,,,56.9496,24.0978,anonymous,EN,1,6,6,5,"ģeogrāfijas pasniedzēja, pamatskolas ķīmijas skolotāja, sertifikāts dabaszinībās 5.-6.klasei",3,3,,6,domīga,2,,,,,2,4,3,16,,4,1,3,3,2,2,1,1,Esmu strādājoša pensionāre. Tādu opciju nepiedāvāja
2024-11-22 11:56:52,2024-11-22 12:00:11,0,80.89.73.195,100,198,1,2024-11-22 12:00:12,R_80vppisPWtTrmMT,,,,,56.9496,24.0978,anonymous,EN,1,3,6,3,,4,2,,4,,1,12,,2,2,1,4,1,18,,5,2,4,4,2,3,2,2,
2024-11-22 13:02:36,2024-11-22 13:05:16,0,213.175.126.86,100,159,1,2024-11-22 13:05:17,R_8LohXgL2O3QyW1B,,,,,56.9496,24.0978,anonymous,EN,1,2,1,2,,4,3,,1,,1,7,,1,1,3,4,1,16,,1,1,5,2,1,1,2,1,
2024-11-22 13:14:43,2024-11-22 13:18:28,0,62.63.162.135,100,224,1,2024-11-22 13:18:29,R_237jqNad8CxiyU9,,,,,56.5494,27.7139,anonymous,EN,2,4,4,2,,5,3,,2,,1,3,,1,1,1,1,1,15,,3,1,1,1,3,3,1,3,
2024-11-22 13:57:58,2024-11-22 14:00:38,0,213.175.126.139,100,159,1,2024-11-22 14:00:38,R_8C2xuvai8xzIew3,,,,,56.9496,24.0978,anonymous,EN,1,4,1,3,,4,2,,2,,1,1,,2,1,3,1,1,16,,3,1,5,5,4,4,4,3,
2024-11-22 16:31:50,2024-11-22 16:35:53,0,213.175.126.139,100,242,1,2024-11-22 16:35:54,R_2kbk9O9zo0rX8e1,,,,,56.9496,24.0978,anonymous,EN,1,4,1,3,,3,2,,2,,1,14,,2,2,1,2,1,16,,3,2,5,3,2,2,3,2,
2024-11-22 16:42:06,2024-11-22 16:57:40,0,85.254.74.207,100,933,1,2024-11-22 16:57:41,R_2PMPGbECBZinTTz,,,,,56.9496,24.0978,anonymous,EN,2,4,1,2,,3,3,,6,"Uz viendzimuma laulībām ļoti liberāli, atkarīgs uz kuru minoritāšu?, uz imigrāciju pat ļoti konservatīvi = negatīvi.",1,1,,3,3,3,2,3,19,Tulkošana,5,3,1,5,2,2,5,1,"Ja ""pasākumi, kas nodrošina sieviešu pārstāvniecību politikā"" ir domātas kaut kādas kvotas, tad pilnīgi nepiekrītu, ja kādas biedrības, kurās pašas sievietes organizējas un atbalsta citas sievietes - kāpēc ne."
2024-11-22 22:34:18,2024-11-22 22:40:25,0,85.254.73.154,100,366,1,2024-11-22 22:40:26,R_7xxvSMYXSQ6HXol,,,,,56.9496,24.0978,anonymous,EN,2,2,1,2,,7,3,,3,,1,8,,3,1,2,2,3,19,Fitnesa treneris,5,4,3,5,3,2,4,2,
2024-11-23 12:37:50,2024-11-23 12:40:24,0,213.175.126.133,100,153,1,2024-11-23 12:40:24,R_8JOysGm6v8JPv71,,,,,56.9496,24.0978,anonymous,EN,1,4,1,2,,3,2,,3,,1,1,,2,2,3,5,1,16,,5,3,2,3,2,1,3,2,
2024-11-23 14:27:06,2024-11-23 14:29:23,0,212.3.193.51,100,136,1,2024-11-23 14:29:24,R_21I1OWrMpRjD2nT,,,,,56.9496,24.0978,anonymous,EN,1,5,1,3,,4,3,,2,,1,1,,2,2,2,3,1,16,,2,1,4,4,4,3,3,1,
2024-11-24 07:08:08,2024-11-24 07:12:01,0,78.84.10.226,100,233,1,2024-11-24 07:12:01,R_80NzeTHlIXTgnd9,,,,,56.9658,23.7757,anonymous,EN,2,5,1,3,,5,3,,4,,1,9,,3,2,2,1,2,13,,4,4,2,1,3,3,3,3,
2024-11-24 17:07:02,2024-11-24 17:10:11,0,37.233.24.186,100,189,1,2024-11-24 17:10:12,R_80Z72rEG5QAgvm0,,,,,47.0042,28.8574,anonymous,EN,2,4,1,3,,7,3,,3,,1,1,,3,3,3,4,1,15,,5,5,3,2,2,2,2,3,
2024-11-24 19:17:51,2024-11-24 19:21:45,0,90.133.231.55,100,233,1,2024-11-24 19:21:46,R_2IgCRIBLAyW3eY9,,,,,56.8597,24.3425,anonymous,EN,1,4,1,5,neaizstāvēta disertācija,5,3,,4,,1,12,,3,3,3,4,1,16,,4,2,4,4,2,2,2,2,"problēma ir algu vienlīdzība un situācija pēc bērnu kopšanas atvaļinājumiem, nevis augstie politiskie amati"
2024-11-24 20:03:27,2024-11-24 20:07:45,0,78.84.157.70,100,257,1,2024-11-24 20:07:46,R_25FTkyVZZCxDyvj,,,,,56.9496,24.0978,anonymous,EN,2,3,1,5,Divas augstākās (profesionālā un bakalaurs)),5,2,,3,,1,13,,2,1,3,3,1,16,,2,1,4,4,1,1,3,1,
2024-11-25 12:35:00,2024-11-25 12:37:00,0,87.246.184.213,100,119,1,2024-11-25 12:37:01,R_8NCuZF2UOuEf5HQ,,,,,56.9496,24.0978,anonymous,EN,1,1,6,2,,3,3,,4,,1,1,,2,2,2,5,1,15,,4,3,4,2,1,1,2,1,
2024-11-25 13:39:29,2024-11-25 13:45:56,0,213.175.126.86,100,387,1,2024-11-25 13:45:57,R_2D6InowO3iY71yh,,,,,56.9496,24.0978,anonymous,EN,1,4,1,2,,3,1,,2,,1,7,,4,3,2,3,1,17,,2,1,4,5,4,2,3,2,
2024-11-25 15:30:41,2024-11-25 15:49:03,0,78.84.15.92,100,1101,1,2024-11-25 15:49:04,R_84qaLTtLQmOISSB,,,,,56.9658,23.7757,anonymous,EN,1,6,2,3,,4,3,,4,,1,1,,2,2,4,2,3,19,pensionārs,1,1,5,2,2,4,4,1,
2024-11-25 15:49:40,2024-11-25 15:52:07,0,84.237.242.27,100,147,1,2024-11-25 15:52:08,R_2B9G2EciVEq5BdV,,,,,56.9496,24.0978,anonymous,EN,1,3,1,3,,5,3,,3,,2,,,,,2,2,2,17,,5,2,3,2,2,2,2,2,
2024-11-25 15:57:15,2024-11-25 16:02:57,0,62.63.133.178,100,341,1,2024-11-25 16:02:57,R_8c6NTzTjRAnOSMY,,,,,56.5085,27.3481,anonymous,EN,2,5,4,3,,4,2,,2,,1,13,,2,3,4,4,1,17,,4,2,1,4,2,2,4,1,
2024-11-25 16:00:41,2024-11-25 16:04:10,0,77.219.5.168,100,209,1,2024-11-25 16:04:12,R_2r0qfxn0RzGmy20,,,,,56.9496,24.0978,anonymous,EN,1,3,1,3,,4,3,,4,,1,14,Neatceros,2,2,3,3,2,13,,4,3,5,4,3,4,4,2,Nav
2024-11-25 16:06:06,2024-11-25 16:09:49,0,195.244.159.136,100,223,1,2024-11-25 16:09:50,R_2NSfLnKPn9iohAl,,,,,56.9989,24.9969,anonymous,EN,1,3,2,2,,4,3,,2,,1,7,,2,2,3,3,1,15,,5,3,4,4,2,2,4,1,
2024-11-25 16:10:51,2024-11-25 16:15:41,0,84.237.200.61,100,289,1,2024-11-25 16:15:42,R_2FC5yy40OgGJPcB,,,,,56.9496,24.0978,anonymous,EN,1,2,1,6,,6,3,,3,,1,14,"Diemžēl neatceros ",2,3,3,2,3,17,,5,1,4,3,3,3,3,3,
2024-11-25 16:19:38,2024-11-25 16:22:48,0,62.63.133.178,100,190,1,2024-11-25 16:22:49,R_2SeMszt6iHXss9B,,,,,56.5085,27.3481,anonymous,EN,1,4,4,3,,4,3,,3,,2,,,,,1,4,1,14,,5,5,5,4,4,4,4,2,
2024-11-25 16:21:32,2024-11-25 16:25:35,0,94.30.153.26,100,242,1,2024-11-25 16:25:36,R_2ssyBV7w95u4lMZ,,,,,56.9496,24.0978,anonymous,EN,1,4,1,2,,2,3,,3,,1,13,,2,1,3,3,2,10,,5,3,3,3,1,3,1,1,
2024-11-25 16:19:45,2024-11-25 16:26:58,0,62.63.133.178,100,432,1,2024-11-25 16:26:58,R_2uui7wqjZfwjK2l,,,,,56.5085,27.3481,anonymous,EN,1,4,4,2,,3,2,,2,,1,3,,2,1,3,3,1,19,Sociālais darbs,4,2,3,4,3,4,3,3,
2024-11-25 16:28:21,2024-11-25 16:31:11,0,195.244.157.1,100,170,1,2024-11-25 16:31:12,R_2jxCmZj6zNMRUJm,,,,,56.9989,24.9969,anonymous,EN,2,3,1,3,,7,3,,5,,1,1,,2,1,1,1,2,10,,5,4,5,5,1,3,3,1,
2024-11-25 16:32:46,2024-11-25 16:35:07,0,80.232.234.109,100,140,1,2024-11-25 16:35:08,R_8jubJdfsQu8guR3,,,,,56.9496,24.0978,anonymous,EN,2,4,1,2,,7,3,,2,,1,14,neviena,2,2,2,3,2,6,,5,4,2,4,2,2,3,2,
2024-11-25 16:30:29,2024-11-25 16:35:29,0,62.63.133.178,100,299,1,2024-11-25 16:35:29,R_2dMPHssxPryYOf7,,,,,56.5085,27.3481,anonymous,EN,1,5,4,2,,4,2,,2,,1,9,,1,1,3,3,1,11,,2,1,4,4,4,3,3,2,
2024-11-25 16:31:05,2024-11-25 16:35:45,0,80.232.167.118,100,280,1,2024-11-25 16:35:46,R_8QJML2Xb1erDsQz,,,,,56.9496,24.0978,anonymous,EN,2,4,3,6,,5,3,,3,,1,7,,2,1,2,4,2,3,,5,2,1,4,2,3,3,2,
2024-11-25 16:38:02,2024-11-25 16:41:12,0,80.89.77.47,100,190,1,2024-11-25 16:41:13,R_8bQt8IW4hSzEFNJ,,,,,56.9496,24.0978,anonymous,EN,2,5,3,1,,6,3,,1,,1,7,,2,2,3,1,2,6,,5,3,1,5,4,4,5,5,
2024-11-25 16:49:33,2024-11-25 16:53:43,0,195.122.18.22,100,249,1,2024-11-25 16:53:43,R_8Dtz0u4No8FpR5M,,,,,57.5377,25.4314,anonymous,EN,2,5,3,6,,7,2,,5,,1,1,,2,3,1,3,2,3,,5,5,2,3,2,2,4,1,
2024-11-25 17:17:12,2024-11-25 17:20:50,0,195.13.162.65,100,217,1,2024-11-25 17:20:50,R_8DqeDbmqQRvkBCp,,,,,56.9496,24.0978,anonymous,EN,1,5,4,2,,4,3,,4,,1,8,,1,1,1,3,1,17,,5,1,4,4,2,2,4,2,
2024-11-25 19:09:02,2024-11-25 19:14:32,0,78.84.15.92,100,330,1,2024-11-25 19:14:33,R_21GhPNtEVjvbAKc,,,,,56.9658,23.7757,anonymous,EN,1,6,2,3,,4,3,,4,,1,1,,2,2,4,3,3,19,pensionārs,3,1,5,2,2,4,4,1,
2024-11-25 20:57:02,2024-11-25 21:05:19,0,46.109.107.117,100,496,1,2024-11-25 21:05:20,R_2hDqNiDhQGa9xuO,,,,,56.9496,24.0978,anonymous,EN,1,5,2,2,,4,2,,4,,1,1,,2,2,3,3,2,16,,2,2,4,3,2,3,2,2,
2024-11-25 21:49:27,2024-11-25 22:04:23,0,90.139.89.117,100,895,1,2024-11-25 22:04:24,R_8lMiKsrOVyTuxxc,,,,,56.9496,24.0978,anonymous,EN,2,5,3,2,,3,2,,3,,1,9,,2,1,3,3,1,16,,3,1,5,4,2,2,3,1,
2024-11-25 22:07:13,2024-11-25 22:11:02,0,91.105.96.66,100,229,1,2024-11-25 22:11:03,R_2usTyyDDZuoi4z8,,,,,56.9496,24.0978,anonymous,EN,1,3,1,2,,7,3,,2,,1,11,,2,2,1,3,2,6,,5,2,1,4,3,1,3,1,
2024-11-25 23:24:03,2024-11-25 23:28:06,0,213.226.141.56,100,242,1,2024-11-25 23:28:07,R_8Os5kdivJk9Ff2W,,,,,56.9496,24.0978,anonymous,EN,1,3,1,6,,7,3,,4,,1,13,,2,4,3,2,3,17,,2,2,3,3,2,2,3,2,
2024-11-25 23:22:50,2024-11-25 23:28:19,0,80.89.73.51,100,329,1,2024-11-25 23:28:19,R_85slfyn2EBi8BX1,,,,,56.9496,24.0978,anonymous,EN,2,2,2,6,,5,3,,4,,1,13,,2,2,1,3,3,6,,5,2,1,3,2,2,3,3,
2024-11-26 07:20:11,2024-11-26 07:35:51,0,85.254.75.212,100,940,1,2024-11-26 07:35:52,R_8amBy09JyPBJhfZ,,,,,56.9496,24.0978,anonymous,EN,1,4,3,6,,6,3,,2,,1,13,,2,1,3,3,2,19,Ražošana,4,3,1,4,2,2,4,2,
2024-11-26 07:54:27,2024-11-26 07:56:44,0,212.3.197.134,100,136,1,2024-11-26 07:56:45,R_8cNclHvAa5cawfv,,,,,56.9496,24.0978,anonymous,EN,1,3,2,3,,5,3,,2,,1,13,,2,2,2,3,2,16,,5,3,4,4,2,2,3,2,
2024-11-26 08:03:38,2024-11-26 08:08:45,0,195.13.162.65,100,306,1,2024-11-26 08:08:46,R_2IEsyJHQOMFgXuR,,,,,56.9496,24.0978,anonymous,EN,1,2,4,3,,4,2,,2,,1,11,,2,1,3,4,1,17,,2,1,4,3,3,3,3,3,
2024-11-26 08:31:40,2024-11-26 08:34:37,0,62.63.133.178,100,177,1,2024-11-26 08:34:38,R_8dFOGfZ0nqi7qPT,,,,,56.5085,27.3481,anonymous,EN,1,5,4,3,,4,3,,2,,1,1,,2,2,2,3,1,17,,5,2,2,2,1,1,1,1,
2024-11-26 08:55:17,2024-11-26 09:01:44,0,89.221.122.25,100,387,1,2024-11-26 09:01:45,R_2UrCZCDHTBgyzD3,,,,,56.9496,24.0978,anonymous,EN,1,2,1,3,,7,1,,6,"man nav viedoklis, katrs dzīvo pēc savām vērtībām, lai tik cilvēks labs",2,,,,,1,3,1,16,,5,4,3,5,4,3,5,3,"Manuprāt, sievietes vienmēr dibināja pasauli, piemēram, pēc WW2, sievietes ""cēla"" sabiedrību un tml. Man nav viedokļa par šo, bet ar zemu dzimstību valstī, bezbērnotības tendencēm, jāpievērš uzmanība ģimenes vērtībai. Vīrieši arī statistiski mirst agrāk, iesaku aplūkot EUROSTAT 2024.gada statistiku par healthy life age, LV vīriešiem tā ir īsakā Eiropā"
2024-11-26 08:58:15,2024-11-26 09:06:25,0,89.201.6.254,100,489,1,2024-11-26 09:06:25,R_8cRJlgYxWOJkaCK,,,,,56.9496,24.0978,anonymous,EN,1,3,4,3,,2,3,,1,,1,8,,2,1,3,1,1,9,,3,1,4,4,3,4,4,3,
2024-11-26 08:41:23,2024-11-26 09:13:11,0,62.63.133.178,100,1907,1,2024-11-26 09:13:11,R_2EzW0butJDW2gaQ,,,,,56.5085,27.3481,anonymous,EN,1,5,4,2,,3,2,,4,,1,,,3,1,3,4,1,14,,1,1,1,4,3,3,3,2,
2024-11-26 09:38:04,2024-11-26 09:41:13,0,95.68.103.64,100,189,1,2024-11-26 09:41:14,R_81d57njwqKl1HeM,,,,,56.9496,24.0978,anonymous,EN,2,3,1,3,,7,3,,3,,1,13,,2,1,4,3,2,16,,2,2,3,5,2,2,3,2,
2024-11-26 09:40:10,2024-11-26 09:53:05,0,159.148.41.178,100,775,1,2024-11-26 09:53:06,R_2jd39jkGmqEvxAY,,,,,56.9496,24.0978,anonymous,EN,1,5,3,3,,6,3,,2,,1,11,,3,1,3,5,2,11,,1,5,3,4,3,3,2,3,
2024-11-26 10:18:20,2024-11-26 10:23:11,0,89.201.6.254,100,290,1,2024-11-26 10:23:11,R_2eVv7fcFlpGU3qS,,,,,56.9496,24.0978,anonymous,EN,1,3,4,3,,4,3,,2,,1,14,nevēlos atbildēt,4,3,3,3,1,17,,4,1,5,3,2,3,3,2,
2024-11-26 10:36:45,2024-11-26 10:40:10,0,195.244.157.1,100,205,1,2024-11-26 10:40:11,R_8LiN6IjCzFEpQHp,,,,,56.9989,24.9969,anonymous,EN,1,3,2,2,,5,3,,2,,1,8,,2,1,2,3,2,10,,5,3,3,3,2,2,3,1,
2024-11-26 11:38:51,2024-11-26 11:43:01,0,87.246.140.35,100,250,1,2024-11-26 11:43:02,R_2JdZAkFEHyXSkw1,,,,,56.9496,24.0978,anonymous,EN,1,3,1,6,,5,3,,5,,1,12,,2,2,1,3,2,9,,5,3,2,4,1,1,4,1,
2024-11-26 11:46:51,2024-11-26 11:49:53,0,195.13.162.65,100,182,1,2024-11-26 11:49:54,R_2aQyhlftT8uZRDj,,,,,56.9496,24.0978,anonymous,EN,1,6,4,3,,4,2,,4,,1,3,,2,3,1,4,1,17,,5,1,5,5,2,3,5,1,
2024-11-26 12:09:47,2024-11-26 12:13:04,0,195.13.181.229,100,197,1,2024-11-26 12:13:05,R_2eJEvHQn6AysKS6,,,,,56.9496,24.0978,anonymous,EN,1,4,3,2,,6,3,,6,Neitrāla,1,13,,2,2,3,2,2,3,,5,2,3,5,3,2,5,2,
2024-11-26 12:21:30,2024-11-26 12:24:53,0,195.13.162.65,100,203,1,2024-11-26 12:24:54,R_8bIUi4i2eOkBtZW,,,,,56.9496,24.0978,anonymous,EN,1,4,4,3,,4,2,,2,,2,,,,,3,4,1,17,,5,3,5,3,4,4,2,1,
2024-11-26 12:33:29,2024-11-26 12:38:59,0,212.93.126.78,100,329,1,2024-11-26 12:39:00,R_8OYVrd3LzfK5Aui,,,,,56.9496,24.0978,anonymous,EN,2,5,5,1,,2,3,,2,,2,,,,,5,1,2,1,,5,1,3,4,3,3,3,3,
2024-11-26 12:53:34,2024-11-26 12:57:24,0,212.93.126.78,100,230,1,2024-11-26 12:57:25,R_8BfkLncFA2qdfMl,,,,,56.9496,24.0978,anonymous,EN,2,5,5,1,,6,3,,3,,1,4,,1,1,3,1,2,1,,3,2,1,5,3,1,1,1,
2024-11-26 13:16:16,2024-11-26 13:26:32,0,62.63.133.178,100,616,1,2024-11-26 13:26:33,R_2XbxAqiDlOPq4nf,,,,,56.5085,27.3481,anonymous,EN,1,5,4,2,,2,3,,3,,1,5,,1,1,4,1,1,17,,2,1,5,5,2,2,3,2,
2024-11-26 13:27:00,2024-11-26 13:31:09,0,195.13.162.65,100,248,1,2024-11-26 13:31:09,R_2mqR2HOVdoSNX7X,,,,,56.9496,24.0978,anonymous,EN,1,4,4,2,,4,2,,6,grūti pateikt,1,7,,2,1,4,2,1,17,,3,1,5,4,2,2,2,2,
2024-11-26 13:49:29,2024-11-26 13:54:04,0,195.13.162.65,100,274,1,2024-11-26 13:54:04,R_8PaNkdxNQHCeRk8,,,,,56.9496,24.0978,anonymous,EN,1,4,4,3,,4,2,,2,,2,,,,,3,1,1,17,,5,1,5,4,4,4,2,2,
2024-11-26 14:24:34,2024-11-26 14:28:50,0,81.198.64.150,100,256,1,2024-11-26 14:28:51,R_20xgKirYoQerbwe,,,,,56.9496,24.0978,anonymous,EN,1,5,3,3,,5,1,,2,,1,13,,3,3,4,1,2,1,,5,3,1,3,2,1,4,1,
2024-11-26 15:06:49,2024-11-26 15:15:58,0,80.89.78.107,100,549,1,2024-11-26 15:15:59,R_8h0cxZcoBICiheo,,,,,56.9496,24.0978,anonymous,EN,1,3,3,1,,3,2,,6,"būšu vienmēr pret viendzimuma laulību ",1,3,,1,1,3,3,2,8,,4,3,2,4,2,2,4,2,
2024-11-26 15:38:58,2024-11-26 15:42:17,0,195.13.254.202,100,199,1,2024-11-26 15:42:18,R_2oHfONxrqmhASkS,,,,,56.9496,24.0978,anonymous,EN,1,3,1,3,,6,3,,2,,1,,,2,1,2,3,2,1,,5,5,1,2,2,1,2,1,
2024-11-26 15:46:20,2024-11-26 15:48:53,0,195.13.220.180,100,152,1,2024-11-26 15:48:53,R_8vpK5t9MmJR9j5D,,,,,56.9496,24.0978,anonymous,EN,2,4,2,2,,7,3,,2,,1,13,,2,2,3,1,2,3,,5,5,2,5,1,1,5,1,
2024-11-26 16:09:57,2024-11-26 16:16:10,0,46.109.21.206,100,372,1,2024-11-26 16:16:10,R_8feehJWauU1tOrJ,,,,,56.9496,24.0978,anonymous,EN,1,5,1,3,,5,3,,4,,1,1,,2,1,3,5,2,19,Darbs NVO,4,2,3,2,2,2,2,1,
2024-11-26 19:02:48,2024-11-26 19:07:53,0,95.68.100.226,100,304,1,2024-11-26 19:07:54,R_2DddAcrDz6CbLu9,,,,,56.9496,24.0978,anonymous,EN,2,5,1,3,,7,2,,1,,1,3,,3,1,3,1,2,2,,5,2,1,5,1,2,5,1,
2024-11-26 22:33:06,2024-11-26 22:39:02,0,80.89.78.61,100,356,1,2024-11-26 22:39:03,R_8CpyAGXboPTxPEr,,,,,56.9496,24.0978,anonymous,EN,2,5,2,2,,6,3,,1,,1,1,,3,1,3,1,2,16,,4,3,2,5,1,1,2,1,
2024-11-27 08:27:12,2024-11-27 08:35:31,0,212.3.197.80,100,499,1,2024-11-27 08:35:32,R_8e3POBSy36xNgjL,,,,,56.9496,24.0978,anonymous,EN,2,4,2,2,,7,1,,1,,1,8,,2,1,3,1,2,3,,5,5,3,4,4,4,4,2,
2024-11-27 09:21:22,2024-11-27 09:23:46,0,87.246.175.214,100,143,1,2024-11-27 09:23:47,R_2kWI9t1qus5zWH7,,,,,56.9496,24.0978,anonymous,EN,1,4,4,3,,4,3,,4,,1,1,,2,2,3,3,1,16,,5,1,3,3,3,4,3,1,
2024-11-27 09:26:37,2024-11-27 09:31:38,0,84.15.223.45,100,300,1,2024-11-27 09:31:38,R_8TxV1Xkheq1VLs5,,,,,56.9496,24.0978,anonymous,EN,2,3,3,1,,3,2,,2,,1,13,,3,4,3,1,2,3,,5,4,3,5,1,5,5,3,
2024-11-27 09:54:42,2024-11-27 10:00:14,0,178.236.195.106,100,332,1,2024-11-27 10:00:15,R_22R2ZfueM3tr86A,,,,,56.9496,24.0978,anonymous,EN,1,2,1,2,,3,4,neregulāri,1,,1,7,,2,2,1,3,1,17,,5,3,3,1,4,5,3,2,
2024-11-27 12:13:28,2024-11-27 12:17:07,0,195.13.220.180,100,219,1,2024-11-27 12:17:08,R_2ePvRdcKyjPA6Gt,,,,,56.9496,24.0978,anonymous,EN,2,5,3,2,,7,3,,2,,1,13,,3,3,2,1,2,3,,5,2,1,4,2,2,5,2,
2024-11-27 12:37:07,2024-11-27 12:40:29,0,159.148.20.180,100,202,1,2024-11-27 12:40:30,R_8KcKGzYU9ZvVXdr,,,,,56.9496,24.0978,anonymous,EN,1,3,1,3,,7,3,,4,,1,12,,2,3,3,5,2,10,,4,3,5,2,1,3,2,1,
2024-11-27 12:46:45,2024-11-27 12:51:24,0,85.254.75.181,100,279,1,2024-11-27 12:51:25,R_2koSdiNNqxUubcd,,,,,56.9496,24.0978,anonymous,EN,1,3,1,2,,6,3,,4,,1,11,,2,1,1,2,1,17,,4,2,1,5,3,3,3,4,
2024-11-27 13:49:02,2024-11-27 13:53:14,0,195.13.220.180,100,251,1,2024-11-27 13:53:14,R_2lf878QazMt9FDP,,,,,56.9496,24.0978,anonymous,EN,1,2,3,2,,5,3,,4,,1,13,,3,2,3,4,2,1,,5,5,2,4,4,4,2,2,
2024-11-27 14:04:01,2024-11-27 14:08:03,0,195.13.247.78,100,242,1,2024-11-27 14:08:04,R_2Kqgosm9SqFgcIb,,,,,56.9496,24.0978,anonymous,EN,2,3,2,3,,7,3,,2,,1,1,,2,3,3,1,2,6,,5,2,1,3,2,2,4,2,
2024-11-27 14:06:49,2024-11-27 14:11:20,0,78.28.195.43,100,270,1,2024-11-27 14:11:20,R_2ru3MGtE1hpLfzg,,,,,56.6477,23.723,anonymous,EN,1,2,5,3,,3,1,,2,,1,13,,2,4,2,5,1,19,Kultūra,4,3,5,4,1,1,5,1,Nešķiroju cilvēkus pēc dzimuma. Neatbalstu arī pozitīvo diskrimināciju.
2024-11-27 14:39:58,2024-11-27 14:47:16,0,78.28.195.43,100,438,1,2024-11-27 14:47:16,R_8ztOHNwX475wxwk,,,,,56.6477,23.723,anonymous,EN,1,5,5,3,,4,3,,4,,1,7,,2,2,3,3,1,19,Muzejs,4,2,3,4,3,3,4,3,"Viss atkarīgs no izglītības, ne dzimuma."
2024-11-27 14:44:54,2024-11-27 14:50:41,0,78.28.195.43,100,347,1,2024-11-27 14:50:42,R_2RV0Msb9evgoaWM,,,,,56.6477,23.723,anonymous,EN,2,6,5,3,,5,2,,4,,1,1,,2,1,4,2,1,18,,3,2,4,1,3,4,4,2,
2024-11-27 14:44:14,2024-11-27 14:50:51,0,78.28.195.43,100,397,1,2024-11-27 14:50:52,R_2ewvFxbmxURgHYt,,,,,56.6477,23.723,anonymous,EN,1,4,5,1,,1,3,,4,,1,3,,2,1,4,3,1,19,muzejs,1,1,5,4,4,4,4,4,
2024-11-27 14:46:00,2024-11-27 14:53:14,0,78.28.195.43,100,433,1,2024-11-27 14:53:14,R_2oNNb8HdehRCrb9,,,,,56.6477,23.723,anonymous,EN,2,2,1,1,,4,3,,3,,1,14,0,2,1,3,3,1,18,,2,1,1,4,2,3,3,2,
2024-11-27 15:26:11,2024-11-27 15:28:40,0,78.28.195.43,100,148,1,2024-11-27 15:28:41,R_2TnnNgL4wlfb4LD,,,,,56.6477,23.723,anonymous,EN,1,4,1,3,,3,3,,4,,1,1,,2,2,2,2,1,16,,4,1,5,2,1,1,4,1,
2024-11-27 15:43:05,2024-11-27 16:03:44,0,195.13.162.65,100,1238,1,2024-11-27 16:03:44,R_21FT0NL7IXapCUf,,,,,56.9496,24.0978,anonymous,EN,1,4,4,2,,3,2,,6,tradicionāla domāšana,1,1,,2,2,5,3,1,17,,4,1,5,4,4,2,2,1,
2024-11-27 16:07:17,2024-11-27 16:17:43,0,195.13.162.65,100,626,1,2024-11-27 16:17:44,R_8OSJBggxbCPb3Gz,,,,,56.9496,24.0978,anonymous,EN,1,3,4,3,,5,2,,2,,1,5,,2,2,3,3,1,15,,5,1,5,4,5,5,4,5,
2024-11-27 16:26:58,2024-11-27 16:31:46,0,78.28.195.43,100,287,1,2024-11-27 16:31:47,R_8GtJ9BC9g2lsxyx,,,,,56.6477,23.723,anonymous,EN,1,6,5,3,,3,2,,4,,2,,,,,4,2,1,18,,2,1,3,3,3,3,3,3,
2024-11-28 00:16:27,2024-11-28 00:20:17,0,212.3.199.40,100,230,1,2024-11-28 00:20:17,R_8r69eD61snv1z69,,,,,56.9496,24.0978,anonymous,EN,1,4,1,3,,4,3,,2,,1,7,,2,2,4,3,1,16,,2,2,4,4,4,3,4,3,
2024-11-28 08:16:19,2024-11-28 08:22:17,0,195.13.162.65,100,357,1,2024-11-28 08:22:17,R_2FnRTDCCuodNZao,,,,,56.9496,24.0978,anonymous,EN,1,5,4,3,,4,2,,2,,2,,,,,1,2,1,17,,1,1,5,4,2,4,4,4,
2024-11-28 08:20:41,2024-11-28 08:47:17,0,195.13.162.65,100,1595,1,2024-11-28 08:47:17,R_20YsTU4mE5Ig0ZH,,,,,56.9496,24.0978,anonymous,EN,1,5,4,2,,4,3,,2,,2,,,,,5,1,1,19,,4,1,5,5,3,3,4,3,nav
2024-11-28 09:37:46,2024-11-28 09:50:26,0,78.28.195.43,100,759,1,2024-11-28 09:50:26,R_2G1BWeAfuxEC5Q9,,,,,56.6477,23.723,anonymous,EN,2,5,5,3,,5,2,,2,,1,13,,3,2,3,2,1,19,"Muzejs, muzeolo'gija",4,3,5,5,4,3,5,3,"Sievietes var ieteklmēt emocijas un to ietekmē pieņemti lēmumi ir mazāk racionāli un izsvērti. "
2024-11-28 10:13:42,2024-11-28 10:20:54,0,195.13.162.65,100,431,1,2024-11-28 10:20:55,R_8me4HYGytPAtJNj,,,,,56.9496,24.0978,anonymous,EN,1,5,4,3,,4,2,,3,,1,3,,3,2,3,2,1,17,,5,2,5,4,3,3,3,1,
2024-11-28 10:00:53,2024-11-28 10:40:44,0,169.150.196.140,100,2391,1,2024-11-28 10:40:45,R_1gNMeqBm518ey43,,,,,52.3759,4.8975,anonymous,EN,2,2,1,2,,4,3,,6,Komunistiskā,1,14,"Neviens, visi buržuji",1,1,2,2,1,18,,2,2,5,1,4,3,1,2,
2024-11-28 11:32:09,2024-11-28 11:38:26,0,78.28.195.43,100,377,1,2024-11-28 11:38:27,R_8opSNuSZ3LDORJR,,,,,56.6477,23.723,anonymous,EN,1,6,1,3,,5,3,,4,,1,1,,3,3,3,2,1,18,,4,3,4,5,2,2,4,1,
2024-11-28 14:20:38,2024-11-28 14:29:07,0,80.232.162.119,100,509,1,2024-11-28 14:29:08,R_82ScDtBzCQ1LcXO,,,,,56.9496,24.0978,anonymous,EN,1,5,1,5,Augstākā farmaceitiskā izglītība,7,3,,4,,2,,,,,4,2,1,19,Farmācijas nozarē,3,3,1,3,3,3,3,3,
2024-11-28 15:06:19,2024-11-28 15:08:24,0,78.28.195.43,100,125,1,2024-11-28 15:08:25,R_8qfWLPn72ZkqS2I,,,,,56.6477,23.723,anonymous,EN,1,3,5,1,,2,3,,4,,1,3,,2,2,4,2,1,18,,4,2,5,4,2,2,3,1,
2024-11-28 16:15:37,2024-11-28 16:19:39,0,78.28.195.43,100,242,1,2024-11-28 16:19:40,R_2Qy2T0xJ73mpfJh,,,,,56.6477,23.723,anonymous,EN,1,3,5,6,,2,3,,5,,1,1,,1,1,4,4,1,18,,1,1,4,2,1,2,3,1,
2024-11-29 14:28:27,2024-11-29 14:31:47,0,195.13.220.180,100,199,1,2024-11-29 14:31:47,R_8w6gzZMomXA6fWp,,,,,56.9496,24.0978,anonymous,EN,1,4,5,3,,5,3,,4,,1,12,,1,2,3,1,2,3,,5,5,3,4,3,3,3,2,
2024-11-29 14:46:50,2024-11-29 14:49:56,0,87.110.2.148,100,185,1,2024-11-29 14:49:56,R_8C22yo8BUvKCFj3,,,,,56.5085,27.3481,anonymous,EN,2,1,4,1,,4,3,,3,,1,3,,2,3,1,3,2,1,,5,4,5,1,2,3,3,3,
2024-11-29 16:10:03,2024-11-29 16:13:17,0,80.233.152.234,100,193,1,2024-11-29 16:13:18,R_23rvdenUwcYBrjq,,,,,57.5377,25.4314,anonymous,EN,1,2,3,3,,4,3,,4,,1,11,,1,1,4,3,1,18,,5,2,5,3,3,2,3,2,
2024-11-29 16:42:38,2024-11-29 16:46:02,0,46.109.37.79,100,203,1,2024-11-29 16:46:02,R_2MLscDgN5CQmh8F,,,,,56.8128,24.5937,anonymous,EN,1,4,,2,,3,1,,2,,1,3,,2,3,3,2,1,1,,5,3,5,4,3,4,4,3,
2024-11-29 16:47:32,2024-11-29 16:53:09,0,212.3.198.148,100,336,1,2024-11-29 16:53:10,R_8VlusfwkUaV7gV1,,,,,56.9496,24.0978,anonymous,EN,2,5,6,6,,2,1,,2,,1,7,,2,2,3,3,1,19,"Reliģija ",4,2,1,3,2,3,3,1,
2024-11-29 18:33:01,2024-11-29 18:36:59,0,188.92.22.88,100,238,1,2024-11-29 18:37:00,R_2CfMmJTlP4DZgZI,,,,,56.9496,24.0978,anonymous,EN,1,3,1,2,,7,3,,4,,1,1,,2,1,4,4,2,10,,3,2,3,3,3,3,3,1,
2024-11-29 19:46:58,2024-11-29 19:52:02,0,80.233.152.234,100,303,1,2024-11-29 19:52:02,R_8aFfMHpIjQAvzYw,,,,,57.5377,25.4314,anonymous,EN,1,3,3,2,,5,2,,4,,1,1,,1,2,2,4,1,18,,4,2,2,2,2,2,2,1,
2024-11-29 20:13:23,2024-11-29 20:18:05,0,46.109.222.151,100,282,1,2024-11-29 20:18:06,R_2LhZbKUkuos3VqV,,,,,57.5377,25.4314,anonymous,EN,1,3,3,2,,6,3,,4,,1,11,,1,1,3,3,1,18,,4,2,4,2,2,2,3,2,
2024-11-29 22:17:13,2024-11-29 22:22:33,0,212.3.195.81,100,319,1,2024-11-29 22:22:34,R_8Li5v9tFfLSmRu7,,,,,56.9496,24.0978,anonymous,EN,1,5,5,2,,6,3,,5,,1,,,2,,1,2,2,2,,4,2,3,4,3,3,4,2,
2024-11-30 17:00:25,2024-11-30 17:06:05,0,83.177.158.107,100,339,1,2024-11-30 17:06:06,R_8oHhm8plgrABuGO,,,,,56.9496,24.0978,anonymous,EN,2,6,1,1,,5,1,,2,,1,7,,2,2,3,1,1,19,Kalpošana Baznīcā,4,2,1,5,4,4,5,1,
2024-11-30 23:39:02,2024-11-30 23:45:35,0,159.148.249.50,100,392,1,2024-11-30 23:45:35,R_2WDnqS3t1aD98Iq,,,,,56.9496,24.0978,anonymous,EN,2,3,6,2,,3,1,,2,,1,13,,1,1,3,2,1,19,Ekleziālā kalpošana,2,1,1,4,4,4,4,2,
2024-12-01 12:40:00,2024-12-01 12:43:20,0,213.100.13.33,100,199,1,2024-12-01 12:43:21,R_2f8yUyin7Smp70J,,,,,56.9496,24.0978,anonymous,EN,1,3,3,3,,2,3,,4,,1,1,,1,1,4,3,1,18,,2,1,5,4,2,3,4,3,
2024-12-01 18:16:56,2024-12-01 18:26:32,0,85.254.74.148,100,575,1,2024-12-01 18:26:32,R_8Aeep78wQRtKOFr,,,,,56.9496,24.0978,anonymous,EN,2,4,1,1,,2,3,,5,,1,1,,2,1,1,4,3,6,,2,1,2,3,1,2,2,1,
2024-12-01 18:23:27,2024-12-01 18:27:42,0,87.110.34.28,100,254,1,2024-12-01 18:27:42,R_2nVqpbNrKR1Z9Ml,,,,,56.9496,24.0978,anonymous,EN,1,3,1,2,,2,4,"Agrāk biežāk,pēdējos gados nē.",5,,1,1,,2,1,3,5,3,16,,2,1,4,3,1,2,3,1,
